DROP DATABASE ban_ghe_sofa;
CREATE DATABASE IF NOT EXISTS ban_ghe_sofa;
USE ban_ghe_sofa;

CREATE TABLE danh_muc (
    maDanhMuc INT AUTO_INCREMENT PRIMARY KEY,
    tenDanhMuc VARCHAR(255),
    moTa TEXT
);

CREATE TABLE san_pham (
    maSanPham INT AUTO_INCREMENT PRIMARY KEY,
    tenSanPham VARCHAR(255),
    chiTiet TEXT,
    giaGoc DECIMAL(10,2),
    giaKhuyenMai DECIMAL(10,2),
    tinhTrang VARCHAR(50),
    idDanhMuc INT,
    soLuongTonKho INT,
    hinhAnh VARCHAR(255),
    FOREIGN KEY (idDanhMuc) REFERENCES danh_muc(maDanhMuc)
);

CREATE TABLE tin_tuc (
    maTinTuc INT AUTO_INCREMENT PRIMARY KEY,
    tieuDe VARCHAR(255),
    noiDung TEXT,
    ngayDang DATE,
    maSanPham INT,
    FOREIGN KEY (maSanPham) REFERENCES san_pham(maSanPham)
);

CREATE TABLE nguoi_dung (
    maNguoiDung INT AUTO_INCREMENT PRIMARY KEY,
    hoTen VARCHAR(255),
    sdt VARCHAR(20),
    email VARCHAR(100),
    diaChi TEXT,
    tenDangNhap VARCHAR(50),
    matKhau VARCHAR(255),
    vaiTro VARCHAR(50) DEFAULT 'user'
);

CREATE TABLE don_hang (
    maDonHang INT AUTO_INCREMENT PRIMARY KEY,
    ngayLap DATE,
    trangThai VARCHAR(50),
    tongTien DECIMAL(12,2),
    maNguoiDung INT,
    FOREIGN KEY (maNguoiDung) REFERENCES nguoi_dung(maNguoiDung)
);
CREATE TABLE chi_tiet_don_hang (
    maDonHang INT,
    maSanPham INT,
    soLuong INT,
    donGia DECIMAL(10,2),
    PRIMARY KEY (maDonHang, maSanPham),
    FOREIGN KEY (maDonHang) REFERENCES don_hang(maDonHang),
    FOREIGN KEY (maSanPham) REFERENCES san_pham(maSanPham)
);

CREATE TABLE thanh_toan (
    maThanhToan INT AUTO_INCREMENT PRIMARY KEY,
    maDonHang INT,
    hinhThucThanhToan VARCHAR(100),
    trangThai VARCHAR(50),
    ngayThanhToan DATE,
    FOREIGN KEY (maDonHang) REFERENCES don_hang(maDonHang)
);

CREATE TABLE khuyen_mai (
    maKhuyenMai INT AUTO_INCREMENT PRIMARY KEY,
    ngayBatDau DATE,
    ngayKetThuc DATE,
    giaKhuyenMai DECIMAL(10,2),
    maSanPham INT,
    FOREIGN KEY (maSanPham) REFERENCES san_pham(maSanPham)
);

CREATE TABLE danh_gia (
    maDanhGia INT AUTO_INCREMENT PRIMARY KEY,
    maSanPham INT,
    maNguoiDung INT,
    diemDanhGia INT CHECK (diemDanhGia BETWEEN 1 AND 5),
    noiDung TEXT,
    ngayDanhGia DATE,
    FOREIGN KEY (maSanPham) REFERENCES san_pham(maSanPham),
    FOREIGN KEY (maNguoiDung) REFERENCES nguoi_dung(maNguoiDung)
);

-- Tạo Stored Procedure để cập nhật giá khuyến mãi
DELIMITER //
DROP PROCEDURE IF EXISTS UpdatePromotionPrices //
CREATE PROCEDURE UpdatePromotionPrices()
BEGIN
    -- Cập nhật giá khuyến mãi cho các sản phẩm có khuyến mãi hợp lệ
    UPDATE san_pham s
    SET s.giaKhuyenMai = (
        SELECT MIN(km.giaKhuyenMai)
        FROM khuyen_mai km
        WHERE km.maSanPham = s.maSanPham
        AND km.ngayBatDau <= CURDATE()
        AND km.ngayKetThuc >= CURDATE()
    )
    WHERE EXISTS (
        SELECT 1
        FROM khuyen_mai km
        WHERE km.maSanPham = s.maSanPham
        AND km.ngayBatDau <= CURDATE()
        AND km.ngayKetThuc >= CURDATE()
    );

    -- Đặt lại giá khuyến mãi về giá gốc cho các sản phẩm không có khuyến mãi hợp lệ
    UPDATE san_pham s
    SET s.giaKhuyenMai = s.giaGoc
    WHERE NOT EXISTS (
        SELECT 1
        FROM khuyen_mai km
        WHERE km.maSanPham = s.maSanPham
        AND km.ngayBatDau <= CURDATE()
        AND km.ngayKetThuc >= CURDATE()
    );
END //
DELIMITER ;

-- Tạo trigger cập nhật giá khuyến mãi trong bảng sản phẩm từ bảng khuyến mãi
DELIMITER //
DROP TRIGGER IF EXISTS trg_km_after_insert //
CREATE TRIGGER trg_km_after_insert
AFTER INSERT ON khuyen_mai
FOR EACH ROW
BEGIN
    IF NEW.giaKhuyenMai IS NOT NULL 
       AND NEW.ngayBatDau <= CURDATE() 
       AND NEW.ngayKetThuc >= CURDATE() THEN
        UPDATE san_pham
        SET giaKhuyenMai = NEW.giaKhuyenMai
        WHERE maSanPham = NEW.maSanPham;
    END IF;
END //

DROP TRIGGER IF EXISTS trg_km_after_update //
CREATE TRIGGER trg_km_after_update
AFTER UPDATE ON khuyen_mai
FOR EACH ROW
BEGIN
    DECLARE active_promotion_count INT;
    DECLARE min_promotion_price DECIMAL(10,2);

    -- Kiểm tra số lượng khuyến mãi hợp lệ cho sản phẩm
    SELECT COUNT(*) INTO active_promotion_count
    FROM khuyen_mai
    WHERE maSanPham = NEW.maSanPham
    AND ngayBatDau <= CURDATE()
    AND ngayKetThuc >= CURDATE();

    -- Lấy giá khuyến mãi thấp nhất (nếu có)
    SELECT MIN(giaKhuyenMai) INTO min_promotion_price
    FROM khuyen_mai
    WHERE maSanPham = NEW.maSanPham
    AND ngayBatDau <= CURDATE()
    AND ngayKetThuc >= CURDATE();

    -- Nếu có khuyến mãi hợp lệ
    IF active_promotion_count > 0 AND min_promotion_price IS NOT NULL THEN
        UPDATE san_pham
        SET giaKhuyenMai = min_promotion_price
        WHERE maSanPham = NEW.maSanPham;
    -- Nếu không có khuyến mãi hợp lệ
    ELSE
        UPDATE san_pham
        SET giaKhuyenMai = giaGoc
        WHERE maSanPham = NEW.maSanPham;
    END IF;
END //

DROP TRIGGER IF EXISTS trg_km_after_delete //
CREATE TRIGGER trg_km_after_delete
AFTER DELETE ON khuyen_mai
FOR EACH ROW
BEGIN
    DECLARE active_promotion_count INT;
    DECLARE min_promotion_price DECIMAL(10,2);
    
    -- Kiểm tra số lượng khuyến mãi hợp lệ
    SELECT COUNT(*) INTO active_promotion_count
    FROM khuyen_mai
    WHERE maSanPham = OLD.maSanPham
    AND ngayBatDau <= CURDATE()
    AND ngayKetThuc >= CURDATE();
    
    -- Lấy giá khuyến mãi thấp nhất
    SELECT MIN(giaKhuyenMai) INTO min_promotion_price
    FROM khuyen_mai
    WHERE maSanPham = OLD.maSanPham
    AND ngayBatDau <= CURDATE()
    AND ngayKetThuc >= CURDATE();
    
    -- Nếu còn khuyến mãi hợp lệ
    IF active_promotion_count > 0 AND min_promotion_price IS NOT NULL THEN
        UPDATE san_pham
        SET giaKhuyenMai = min_promotion_price
        WHERE maSanPham = OLD.maSanPham;
    -- Nếu không còn khuyến mãi hợp lệ
    ELSE
        UPDATE san_pham
        SET giaKhuyenMai = giaGoc
        WHERE maSanPham = OLD.maSanPham;
    END IF;
END //
DELIMITER ;

-- Tạo Event Scheduler để cập nhật giá khuyến mãi hàng ngày
DELIMITER //
DROP EVENT IF EXISTS update_promotion_prices_daily //
CREATE EVENT update_promotion_prices_daily
ON SCHEDULE EVERY 1 DAY
STARTS CURRENT_DATE + INTERVAL 1 DAY + INTERVAL 1 MINUTE
DO
BEGIN
    CALL UpdatePromotionPrices();
END //
DELIMITER ;

-- Kích hoạt Event Scheduler
SET GLOBAL event_scheduler = ON;



INSERT INTO nguoi_dung (hoTen, sdt, email, diaChi, vaiTro, tenDangNhap, matKhau)
VALUES ('Admin', '0000000000', 'admin@shop.com', 'Trụ sở chính', 'admin', 'admin', 'admin123');
INSERT INTO danh_muc (tenDanhMuc, moTa)
VALUES 
('Sofa', 'Các loại ghế sofa cao cấp và hiện đại.'),
('Bàn trà', 'Bàn trà nhỏ gọn dùng cho phòng khách.'),
('Bàn ăn', 'Bàn ăn gia đình với nhiều kích thước.'),
('Tủ giường', 'Tủ kết hợp giường giúp tiết kiệm không gian.'),
('Ghế thư giãn', 'Ghế ngồi thoải mái dùng để thư giãn.');

INSERT INTO san_pham (tenSanPham, chiTiet, giaGoc, giaKhuyenMai, tinhTrang, idDanhMuc, soLuongTonKho, hinhAnh)
VALUES 
('Sofa Góc L', 'Sofa góc L chất liệu da cao cấp.', 12000000, 10000000, 'Còn hàng', 1, 5, 'sofa14.jpg'),
('Sofa Băng', 'Sofa băng vải bố, màu xám hiện đại.', 9500000, 8700000, 'Còn hàng', 1, 3, 'sofa11.jpg'),
('Bàn Trà Tròn', 'Bàn trà tròn chân gỗ sồi.', 2500000, 2200000, 'Còn hàng', 2, 10, 'bantra2.jpg'),
('Bàn Trà Vuông', 'Bàn trà vuông mặt kính đen.', 2700000, 2400000, 'Còn hàng', 2, 7, 'bantra1.jpg'),
('Bàn Ăn 4 Ghế', 'Bàn ăn gỗ bạch đàn tự nhiên, kèm 4 ghế.', 8500000, 7800000, 'Còn hàng', 3, 4, 'banan2.png'),
('Bàn Ăn Tròn', 'Bàn ăn tròn xoay, tiết kiệm không gian.', 7900000, 7200000, 'Còn hàng', 3, 3, 'banan3.png'),
('Tủ Giường Gấp', 'Giường gấp kết hợp tủ treo.', 15000000, 13500000, 'Còn hàng', 4, 3, 'giuong1.png'),
('Tủ Giường Kéo', 'Giường kéo với ngăn chứa đồ.', 11000000, 9800000, 'Còn hàng', 4, 4, 'giuong2.png'),
('Ghế Thư Giãn Gỗ', 'Ghế gỗ cong kiểu Nhật.', 4200000, 3900000, 'Còn hàng', 5, 6, 'sofa7.jpg'),
('Ghế Thư Giãn Da', 'Ghế bọc da ngả lưng thư giãn.', 4800000, 4500000, 'Còn hàng', 5, 2, 'ghethugian.jpg');

INSERT INTO nguoi_dung (hoTen, sdt, email, diaChi, vaiTro, tenDangNhap, matKhau)
VALUES 
('Nguyễn Văn A', '0912345678', 'nguyenvana@gmail.com', 'Hà Nội', 'user', NULL, NULL),
('Trần Thị B', '0987654321', 'tranthib@yahoo.com', 'TP. Hồ Chí Minh', 'user', NULL, NULL),
('Lê Văn C', '0901122334', 'levanc@gmail.com', 'Đà Nẵng', 'user', NULL, NULL),
('Phạm Thị D', '0933445566', 'phamthid@hotmail.com', 'Cần Thơ', 'user', NULL, NULL),
('Đỗ Văn E', '0977554433', 'dovane@outlook.com', 'Hải Phòng', 'user', NULL, NULL),
('Nguyễn Thị F', '0911223344', 'nguyenf@gmail.com', 'Bắc Ninh', 'user', NULL, NULL),
('Trần Văn G', '0988776655', 'tranvg@gmail.com', 'Quảng Ninh', 'user', NULL, NULL),
('Lê Thị H', '0908765432', 'lethih@gmail.com', 'Thái Nguyên', 'user', NULL, NULL),
('Phạm Văn I', '0932112233', 'phamvi@gmail.com', 'Nam Định', 'user', NULL, NULL),
('Đỗ Thị K', '0977123456', 'dothik@yahoo.com', 'Vĩnh Phúc', 'user', NULL, NULL),
('Nguyễn Văn L', '0912345679', 'nguyenl@gmail.com', 'Hà Nội', 'user', NULL, NULL),
('Trần Thị M', '0987654322', 'tranthim@gmail.com', 'TP. Hồ Chí Minh', 'user', NULL, NULL),
('Lê Văn N', '0901122335', 'levann@gmail.com', 'Đà Nẵng', 'user', NULL, NULL),
('Phạm Thị O', '0933445567', 'phamtho@gmail.com', 'Cần Thơ', 'user', NULL, NULL),
('Đỗ Văn P', '0977554434', 'dovanp@gmail.com', 'Hải Phòng', 'user', NULL, NULL),
('Nguyễn Thị Q', '0911223345', 'nguyenq@gmail.com', 'Bắc Ninh', 'user', NULL, NULL),
('Trần Thị R', '0988776656', 'trantr@gmail.com', 'Quảng Ninh', 'user', NULL, NULL),
('Lê Văn S', '0909876543', 'levans@gmail.com', 'Thái Nguyên', 'user', NULL, NULL),
('Phạm Thị T', '0933445568', 'phamthit@gmail.com', 'Nam Định', 'user', NULL, NULL),
('Đỗ Văn U', '0977554435', 'dovanu@gmail.com', 'Vĩnh Phúc', 'user', NULL, NULL);

INSERT INTO don_hang (ngayLap, trangThai, tongTien, maNguoiDung)
VALUES 
('2025-05-01', 'Chờ xử lý', 5000000.00, 1),
('2025-05-02', 'Đang giao', 7000000.00, 2),
('2025-05-03', 'Hoàn thành', 12000000.00, 3),
('2025-05-04', 'Hủy', 15000000.00, 4),
('2025-05-05', 'Chờ xử lý', 4500000.00, 5),
('2025-05-06', 'Đang giao', 9000000.00, 6),
('2025-05-07', 'Hoàn thành', 2500000.00, 7),
('2025-05-08', 'Hủy', 13000000.00, 8),
('2025-05-09', 'Chờ xử lý', 1000000.00, 9),
('2025-05-10', 'Đang giao', 8000000.00, 10),
('2025-05-11', 'Hoàn thành', 15000000.00, 11),
('2025-05-12', 'Hủy', 6000000.00, 12),
('2025-05-13', 'Chờ xử lý', 11000000.00, 13),
('2025-05-14', 'Đang giao', 7000000.00, 14),
('2025-05-15', 'Hoàn thành', 2000000.00, 15),
('2025-05-16', 'Hủy', 12000000.00, 16),
('2025-05-17', 'Chờ xử lý', 4000000.00, 17),
('2025-05-18', 'Đang giao', 15000000.00, 18),
('2025-05-19', 'Hoàn thành', 8500000.00, 19),
('2025-05-20', 'Hủy', 3000000.00, 20);
INSERT INTO chi_tiet_don_hang (maDonHang, maSanPham, soLuong, donGia)
VALUES 
(1, 1, 2, 2500000.00),
(1, 2, 1, 2000000.00),
(2, 3, 3, 3000000.00),
(2, 4, 2, 3500000.00),
(3, 5, 4, 2100000.00),
(3, 6, 2, 3800000.00),
(4, 7, 1, 2500000.00),
(4, 8, 3, 4000000.00),
(5, 9, 2, 2500000.00),
(5, 10, 1, 2000000.00),
(6, 1, 1, 2500000.00),
(6, 2, 2, 2000000.00),
(7, 3, 4, 3000000.00),
(7, 4, 3, 3500000.00),
(8, 5, 2, 2100000.00),
(8, 6, 2, 3800000.00),
(9, 7, 1, 2500000.00),
(9, 8, 1, 3000000.00),
(10, 9, 3, 2500000.00),
(10, 10, 2, 2000000.00),
(11, 1, 2, 2500000.00);

INSERT INTO thanh_toan (maDonHang, hinhThucThanhToan, trangThai, ngayThanhToan)
VALUES 
(1, 'Chuyển khoản', 'Chưa thanh toán', '2025-05-01'),
(2, 'Tiền mặt', 'Đã thanh toán', '2025-05-02'),
(3, 'Chuyển khoản', 'Đã thanh toán', '2025-05-03'),
(4, 'Tiền mặt', 'Chưa thanh toán', '2025-05-04'),
(5, 'Chuyển khoản', 'Chưa thanh toán', '2025-05-05'),
(6, 'Tiền mặt', 'Đã thanh toán', '2025-05-06'),
(7, 'Chuyển khoản', 'Chưa thanh toán', '2025-05-07'),
(8, 'Tiền mặt', 'Đã thanh toán', '2025-05-08'),
(9, 'Chuyển khoản', 'Chưa thanh toán', '2025-05-09'),
(10, 'Tiền mặt', 'Đã thanh toán', '2025-05-10'),
(11, 'Chuyển khoản', 'Chưa thanh toán', '2025-05-11'),
(12, 'Tiền mặt', 'Đã thanh toán', '2025-05-12'),
(13, 'Chuyển khoản', 'Chưa thanh toán', '2025-05-13'),
(14, 'Tiền mặt', 'Đã thanh toán', '2025-05-14'),
(15, 'Chuyển khoản', 'Chưa thanh toán', '2025-05-15'),
(16, 'Tiền mặt', 'Đã thanh toán', '2025-05-16'),
(17, 'Chuyển khoản', 'Chưa thanh toán', '2025-05-17'),
(18, 'Tiền mặt', 'Đã thanh toán', '2025-05-18'),
(19, 'Chuyển khoản', 'Chưa thanh toán', '2025-05-19'),
(20, 'Tiền mặt', 'Đã thanh toán', '2025-05-20');
INSERT INTO khuyen_mai (ngayBatDau, ngayKetThuc, giaKhuyenMai, maSanPham)
VALUES 
('2025-05-01', '2025-05-10', 1000000.00, 1),
('2025-05-05', '2025-05-15', 1500000.00, 2),
('2025-05-10', '2025-05-20', 500000.00, 3),
('2025-05-01', '2025-05-12', 2000000.00, 4),
('2025-05-02', '2025-05-10', 1200000.00, 5),
('2025-05-05', '2025-05-18', 800000.00, 6),
('2025-05-07', '2025-05-17', 1500000.00, 7),
('2025-05-01', '2025-05-20', 1000000.00, 8),
('2025-05-02', '2025-05-12', 1100000.00, 9),
('2025-05-06', '2025-05-15', 1300000.00, 10),
('2025-05-03', '2025-05-13', 1400000.00, 1),
('2025-05-04', '2025-05-14', 1700000.00, 2),
('2025-05-06', '2025-05-16', 1100000.00, 3),
('2025-05-01', '2025-05-11', 2000000.00, 4),
('2025-05-02', '2025-05-12', 1900000.00, 5),
('2025-05-04', '2025-05-14', 1600000.00, 6),
('2025-05-03', '2025-05-13', 1200000.00, 7),
('2025-05-05', '2025-05-15', 1500000.00, 8),
('2025-05-07', '2025-05-17', 1300000.00, 9),
('2025-05-01', '2025-05-10', 1100000.00, 10);

INSERT INTO danh_gia (maSanPham, maNguoiDung, diemDanhGia, noiDung, ngayDanhGia)
VALUES
(1, 1, 5, 'Sofa rất đẹp và thoải mái!', '2025-05-01'),
(2, 2, 4, 'Sofa khá tốt nhưng giá hơi cao.', '2025-05-02'),
(3, 3, 5, 'Bàn trà rất chắc chắn, phù hợp với không gian nhỏ.', '2025-05-03'),
(4, 4, 3, 'Bàn trà mặt kính khá mỏng.', '2025-05-04'),
(5, 5, 4, 'Bàn ăn gỗ đẹp, chất lượng ổn.', '2025-05-05'),
(6, 6, 4, 'Bàn ăn tròn tiết kiệm diện tích, nhưng hơi nhỏ.', '2025-05-06'),
(7, 7, 5, 'Ghế thư giãn rất thoải mái, kiểu dáng đẹp.', '2025-05-07'),
(8, 8, 4, 'Ghế thư giãn da tốt, nhưng cần cải thiện đệm ngồi.', '2025-05-08'),
(9, 9, 5, 'Giường gấp kết hợp tủ rất tiện lợi cho không gian nhỏ.', '2025-05-09'),
(10, 10, 3, 'Giường kéo hơi khó sử dụng, cần cải thiện.', '2025-05-10');

INSERT INTO tin_tuc (tieuDe, noiDung, ngayDang, maSanPham)
VALUES
('Ra mắt bộ sưu tập Sofa Góc L 2025 - Phong cách hiện đại', 
'**Ra mắt bộ sưu tập Sofa Góc L 2025 - Phong cách hiện đại**  

Chúng tôi tự hào giới thiệu bộ sưu tập Sofa Góc L 2025, một bước đột phá trong thiết kế nội thất phòng khách, mang đến sự kết hợp hoàn hảo giữa phong cách, sự thoải mái và tính thực dụng. Với chất liệu da cao cấp nhập khẩu, sản phẩm này không chỉ đảm bảo độ bền vượt trội mà còn mang lại vẻ đẹp sang trọng, phù hợp với mọi không gian sống từ hiện đại đến cổ điển.  

### Thiết kế tối ưu cho không gian  
Sofa Góc L được thiết kế đặc biệt để tối ưu hóa không gian phòng khách, đặc biệt phù hợp với những căn hộ hoặc nhà có diện tích hạn chế. Với cấu trúc góc L thông minh, sản phẩm giúp tận dụng tối đa các góc phòng, tạo ra không gian rộng rãi hơn cho các hoạt động sinh hoạt gia đình. Kích thước linh hoạt của sofa cho phép bạn tùy chỉnh theo không gian cụ thể, từ những phòng khách nhỏ gọn đến những không gian rộng lớn hơn.  

Mỗi chiếc sofa trong bộ sưu tập đều được chế tác tỉ mỉ, với các đường may chắc chắn và lớp da bọc được xử lý kỹ lưỡng để chống bám bẩn, chống thấm nước và dễ dàng vệ sinh. Điều này đảm bảo rằng sản phẩm không chỉ đẹp về mặt thẩm mỹ mà còn tiện lợi trong việc sử dụng hàng ngày.  

### Chất liệu và sự thoải mái  
Chất liệu da cao cấp là điểm nhấn chính của bộ sưu tập Sofa Góc L 2025. Da được lựa chọn kỹ càng từ các nhà cung cấp uy tín, đảm bảo độ mềm mại, mịn màng và khả năng chống mài mòn vượt trội. Lớp đệm mút bên trong sofa được thiết kế với độ đàn hồi cao, mang lại cảm giác êm ái và hỗ trợ tốt cho cơ thể khi ngồi hoặc nằm.  

Ngoài ra, bộ sưu tập còn cung cấp nhiều tùy chọn màu sắc thời thượng như xám đậm, nâu trầm, đen bóng và trắng kem, giúp bạn dễ dàng phối hợp với các món nội thất khác trong phòng khách. Bạn có thể kết hợp sofa với bàn trà tròn hoặc bàn trà vuông để tạo nên một tổng thể hài hòa, hiện đại.  

### Tính năng nổi bật  
Một trong những điểm nổi bật của Sofa Góc L 2025 là tính năng tùy chỉnh linh hoạt. Bạn có thể lựa chọn các mô-đun riêng lẻ để ghép thành một chiếc sofa phù hợp với không gian của mình. Ngoài ra, một số mẫu trong bộ sưu tập còn được tích hợp ngăn chứa đồ tiện lợi, giúp bạn lưu trữ chăn, gối hoặc các vật dụng nhỏ gọn khác, rất phù hợp cho những căn hộ nhỏ.  

Sofa Góc L cũng được thiết kế với góc nghiêng tự nhiên, giúp hỗ trợ tư thế ngồi thoải mái, giảm áp lực lên lưng và cổ. Điều này đặc biệt quan trọng với những người thường xuyên sử dụng sofa để thư giãn, đọc sách hoặc xem TV trong thời gian dài.  

### Ưu đãi ra mắt đặc biệt  
Để chào mừng sự ra mắt của bộ sưu tập Sofa Góc L 2025, cửa hàng nội thất của chúng tôi đang triển khai chương trình ưu đãi giảm giá 15% cho tất cả các mẫu sofa trong bộ sưu tập từ ngày 1/5 đến 10/5/2025. Ngoài ra, khách hàng đặt mua trong tuần đầu ra mắt sẽ nhận được một bộ gối trang trí cao cấp miễn phí, giúp tăng thêm vẻ đẹp cho chiếc sofa của bạn.  

### Mẹo bài trí Sofa Góc L  
Để tối ưu hóa không gian phòng khách với Sofa Góc L, bạn có thể tham khảo một số mẹo bài trí sau:  
1. **Đặt sofa sát tường hoặc góc phòng**: Điều này giúp tiết kiệm không gian và tạo cảm giác rộng rãi hơn.  
2. **Kết hợp với bàn trà nhỏ gọn**: Một chiếc bàn trà tròn hoặc vuông sẽ là sự bổ sung hoàn hảo, tạo điểm nhấn cho khu vực tiếp khách.  
3. **Sử dụng thảm trải sàn**: Một tấm thảm có màu sắc tương phản hoặc hài hòa với sofa sẽ làm nổi bật khu vực trung tâm của phòng khách.  
4. **Thêm cây xanh**: Đặt một vài chậu cây nhỏ gần sofa để mang lại cảm giác tươi mới và gần gũi với thiên nhiên.  

### Cam kết chất lượng  
Mỗi sản phẩm trong bộ sưu tập Sofa Góc L 2025 đều được bảo hành 5 năm, đảm bảo chất lượng vượt trội và sự yên tâm tuyệt đối cho khách hàng. Đội ngũ tư vấn của chúng tôi luôn sẵn sàng hỗ trợ bạn chọn lựa sản phẩm phù hợp nhất với nhu cầu và ngân sách.  

Hãy đến ngay cửa hàng nội thất của chúng tôi hoặc truy cập website để khám phá bộ sưu tập Sofa Góc L 2025 và trải nghiệm sự khác biệt! Với thiết kế tinh tế, chất lượng vượt trội và mức giá hợp lý, đây chắc chắn sẽ là lựa chọn hoàn hảo để nâng tầm không gian sống của bạn.', 
'2025-05-01', 1),

('Khuyến mãi đặc biệt 20% cho Sofa Băng vải bố', 
'**Chương trình khuyến mãi đặc biệt 20% cho Sofa Băng vải bố - Chào hè 2025**  

Mùa hè 2025 đã đến, và để mang đến cho khách hàng cơ hội sở hữu những sản phẩm nội thất chất lượng với mức giá ưu đãi, cửa hàng nội thất của chúng tôi hân hạnh triển khai chương trình khuyến mãi giảm giá 20% cho sản phẩm Sofa Băng vải bố màu xám hiện đại. Chương trình diễn ra từ ngày 5/5 đến 15/5/2025, mang đến cơ hội tuyệt vời để bạn làm mới không gian phòng khách của mình.  

### Vẻ đẹp của Sofa Băng vải bố  
Sofa Băng vải bố là một trong những sản phẩm bán chạy nhất tại cửa hàng chúng tôi, nhờ vào thiết kế tối giản nhưng không kém phần tinh tế. Với kích thước nhỏ gọn, sofa này phù hợp với mọi không gian, từ phòng khách nhỏ trong căn hộ chung cư đến những không gian rộng rãi hơn trong biệt thự.  

Chất liệu vải bố được sử dụng cho sofa không chỉ mang lại cảm giác mềm mại, thoáng khí mà còn có khả năng chống bám bẩn và dễ dàng vệ sinh. Màu xám trung tính của sofa dễ dàng phối hợp với nhiều phong cách nội thất, từ Scandinavian hiện đại đến phong cách công nghiệp mạnh mẽ.  

### Lý do nên chọn Sofa Băng vải bố  
1. **Thiết kế hiện đại**: Sofa Băng được thiết kế với các đường nét thanh lịch, phù hợp với xu hướng nội thất 2025.  
2. **Độ bền cao**: Khung gỗ tự nhiên kết hợp với lớp đệm mút chất lượng cao đảm bảo độ bền và sự thoải mái trong suốt thời gian sử dụng.  
3. **Tính linh hoạt**: Sofa có thể được đặt ở nhiều vị trí trong phòng khách, từ sát tường đến giữa phòng như một điểm nhấn trung tâm.  
4. **Dễ dàng vệ sinh**: Chất liệu vải bố cho phép lau chùi dễ dàng, giúp sofa luôn giữ được vẻ đẹp như mới.  

### Chương trình khuyến mãi đặc biệt  
Trong thời gian từ 5/5 đến 15/5/2025, Sofa Băng vải bố sẽ được giảm giá 20%, từ mức giá gốc 9.500.000 VNĐ xuống còn 7.600.000 VNĐ. Ngoài ra, khách hàng đặt mua trong thời gian này sẽ nhận được thêm một bộ gối tựa lưng cao cấp miễn phí, giúp tăng thêm sự thoải mái và thẩm mỹ cho sofa.  

Để tham gia chương trình, bạn có thể đến trực tiếp cửa hàng nội thất của chúng tôi hoặc đặt hàng trực tuyến qua website. Đội ngũ nhân viên của chúng tôi sẽ hỗ trợ bạn từ khâu tư vấn, chọn sản phẩm đến giao hàng và lắp đặt tận nơi.  

### Mẹo sử dụng và bảo quản Sofa Băng  
Để giữ cho Sofa Băng vải bố luôn bền đẹp, bạn có thể áp dụng một số mẹo sau:  
1. **Vệ sinh định kỳ**: Sử dụng máy hút bụi hoặc khăn ẩm để làm sạch bụi bẩn trên bề mặt sofa ít nhất mỗi tháng một lần.  
2. **Tránh ánh nắng trực tiếp**: Đặt sofa ở vị trí tránh ánh nắng mặt trời để ngăn chặn tình trạng phai màu vải.  
3. **Sử dụng gối trang trí**: Thêm gối tựa lưng hoặc gối trang trí để tăng thêm sự thoải mái và làm mới diện mạo sofa.  
4. **Kiểm tra khung sofa**: Định kỳ kiểm tra các mối nối và khung sofa để đảm bảo độ chắc chắn, đặc biệt nếu sofa được sử dụng thường xuyên.  

### Cam kết từ cửa hàng  
Chúng tôi cam kết mang đến cho khách hàng những sản phẩm chất lượng cao, được kiểm định kỹ lưỡng trước khi đến tay người tiêu dùng. Sofa Băng vải bố được bảo hành 3 năm, với dịch vụ hậu mãi tận tâm, đảm bảo sự hài lòng tuyệt đối cho khách hàng.  

Đừng bỏ lỡ cơ hội sở hữu Sofa Băng vải bố với mức giá ưu đãi trong chương trình khuyến mãi đặc biệt này! Hãy ghé thăm cửa hàng hoặc truy cập website của chúng tôi ngay hôm nay để đặt hàng và nhận những ưu đãi hấp dẫn.', 
'2025-05-02', 2),

('Mẹo chọn bàn trà phù hợp cho không gian phòng khách nhỏ', 
'**Mẹo chọn bàn trà phù hợp cho không gian phòng khách nhỏ - Bàn Trà Tròn chân gỗ sồi**  

Phòng khách nhỏ luôn là một thách thức khi lựa chọn nội thất, đặc biệt là bàn trà - một món đồ không thể thiếu để hoàn thiện không gian tiếp khách. Bàn Trà Tròn chân gỗ sồi của chúng tôi là giải pháp lý tưởng cho những không gian hạn chế về diện tích, mang lại sự kết hợp hoàn hảo giữa tính thẩm mỹ, công năng và độ bền. Trong bài viết này, chúng tôi sẽ chia sẻ những mẹo hữu ích để bạn chọn được chiếc bàn trà phù hợp nhất cho phòng khách của mình.  

### Tại sao nên chọn Bàn Trà Tròn?  
Bàn trà tròn có một số ưu điểm vượt trội so với các hình dáng khác, đặc biệt trong không gian nhỏ:  
1. **Tiết kiệm không gian**: Hình dạng tròn giúp loại bỏ các góc cạnh, tạo cảm giác không gian mở và dễ dàng di chuyển xung quanh.  
2. **Tính thẩm mỹ cao**: Thiết kế tròn mang lại vẻ mềm mại, tinh tế, phù hợp với nhiều phong cách nội thất từ hiện đại đến cổ điển.  
3. **An toàn**: Không có góc nhọn, bàn trà tròn là lựa chọn lý tưởng cho gia đình có trẻ nhỏ.  
4. **Dễ dàng phối hợp**: Bàn trà tròn dễ dàng kết hợp với sofa góc, sofa băng hoặc ghế thư giãn để tạo nên một không gian hài hòa.  

Bàn Trà Tròn chân gỗ sồi của chúng tôi được thiết kế với mặt bàn gỗ tự nhiên phủ lớp sơn chống thấm, kết hợp với chân gỗ sồi chắc chắn, mang lại độ bền và tính thẩm mỹ cao. Sản phẩm có sẵn trong các màu sắc như gỗ tự nhiên, trắng và đen, phù hợp với mọi phong cách nội thất.  

### Mẹo chọn bàn trà cho phòng khách nhỏ  
1. **Xác định kích thước phù hợp**: Đo đạc không gian phòng khách trước khi chọn bàn trà. Bàn Trà Tròn của chúng tôi có đường kính từ 60cm đến 80cm, lý tưởng cho các phòng khách nhỏ từ 10-15m².  
2. **Chọn chất liệu dễ bảo quản**: Gỗ sồi tự nhiên được xử lý chống thấm và chống trầy xước, giúp bạn dễ dàng vệ sinh và giữ bàn luôn như mới.  
3. **Phối màu hài hòa**: Chọn bàn trà có màu sắc tương phản hoặc bổ sung với sofa và thảm trải sàn. Ví dụ, bàn trà màu gỗ tự nhiên rất hợp với sofa vải bố xám hoặc sofa da nâu.  
4. **Tận dụng không gian lưu trữ**: Một số mẫu bàn trà tròn của chúng tôi được tích hợp ngăn kéo nhỏ, giúp bạn lưu trữ các vật dụng như tạp chí, điều khiển từ xa hoặc đồ trang trí.  
5. **Kết hợp với nội thất khác**: Đặt bàn trà tròn ở trung tâm khu vực tiếp khách, kết hợp với sofa góc hoặc ghế thư giãn để tạo không gian ấm cúng, tiện nghi.  

### Cách bài trí Bàn Trà Tròn trong phòng khách  
Để bàn trà tròn trở thành điểm nhấn trong phòng khách, bạn có thể áp dụng một số mẹo bài trí sau:  
1. **Sử dụng phụ kiện trang trí**: Đặt một khay gỗ nhỏ, bình hoa hoặc nến thơm trên mặt bàn để tạo điểm nhấn.  
2. **Kết hợp với thảm trải sàn**: Một tấm thảm có họa tiết đơn giản hoặc màu sắc tương phản sẽ làm nổi bật bàn trà và khu vực tiếp khách.  
3. **Đặt cây xanh gần bàn**: Một chậu cây nhỏ hoặc cây xanh mini đặt cạnh bàn trà sẽ mang lại cảm giác tươi mới và gần gũi với thiên nhiên.  
4. **Sắp xếp ghế và sofa hợp lý**: Đảm bảo khoảng cách giữa bàn trà và sofa đủ để di chuyển thoải mái, khoảng 40-50cm là lý tưởng.  

### Ưu đãi đặc biệt  
Hiện tại, Bàn Trà Tròn chân gỗ sồi đang được giảm giá 10% từ ngày 3/5 đến 10/5/2025. Ngoài ra, khách hàng mua bàn trà trong thời gian này sẽ nhận được một bộ khay trang trí bằng gỗ miễn phí, giúp bạn dễ dàng làm đẹp không gian phòng khách.  

Hãy đến ngay cửa hàng nội thất của chúng tôi hoặc truy cập website để khám phá sản phẩm và nhận tư vấn chi tiết từ đội ngũ chuyên viên của chúng tôi. Với thiết kế tinh tế, chất lượng vượt trội và mức giá hợp lý, Bàn Trà Tròn chân gỗ sồi chắc chắn sẽ là lựa chọn hoàn hảo để nâng cấp phòng khách của bạn!', 
'2025-05-03', 3),

('Bàn Trà Vuông mặt kính đen - Điểm nhấn sang trọng', 
'**Bàn Trà Vuông mặt kính đen - Điểm nhấn sang trọng cho không gian hiện đại**  

Nếu bạn đang tìm kiếm một món nội thất để nâng tầm phong cách phòng khách của mình, Bàn Trà Vuông mặt kính đen chính là lựa chọn không thể bỏ qua. Với thiết kế hiện đại, mặt kính đen bóng bẩy và khung thép không gỉ chắc chắn, sản phẩm này không chỉ mang lại vẻ đẹp sang trọng mà còn đảm bảo độ bền và tính thực dụng vượt trội. Trong bài viết này, chúng tôi sẽ giới thiệu chi tiết về sản phẩm và chia sẻ những mẹo để sử dụng bàn trà vuông hiệu quả trong không gian sống của bạn.  

### Thiết kế hiện đại và tinh tế  
Bàn Trà Vuông mặt kính đen được thiết kế với các đường nét tối giản, phù hợp với xu hướng nội thất hiện đại năm 2025. Mặt kính đen được gia công tỉ mỉ, có khả năng chống trầy xước và chịu lực tốt, mang lại vẻ đẹp bóng bẩy và dễ dàng vệ sinh. Khung thép không gỉ được phủ lớp sơn tĩnh điện chống gỉ, đảm bảo độ bền lâu dài ngay cả trong điều kiện khí hậu ẩm ướt.  

Kích thước của bàn trà vuông được tối ưu hóa cho các phòng khách từ trung bình đến lớn, với chiều dài cạnh từ 80cm đến 100cm. Thiết kế vuông vắn giúp bàn trà dễ dàng hòa hợp với các món nội thất khác như sofa da, sofa góc hoặc ghế thư giãn.  

### Lý do nên chọn Bàn Trà Vuông mặt kính đen  
1. **Vẻ đẹp sang trọng**: Mặt kính đen tạo nên điểm nhấn mạnh mẽ, mang lại cảm giác cao cấp và hiện đại cho phòng khách.  
2. **Dễ dàng vệ sinh**: Mặt kính chống bám bẩn, chỉ cần lau bằng khăn ẩm là bàn trà sẽ trở lại trạng thái sáng bóng.  
3. **Độ bền cao**: Khung thép không gỉ kết hợp với mặt kính chịu lực đảm bảo sản phẩm có thể sử dụng lâu dài mà không lo hư hỏng.  
4. **Tính linh hoạt**: Bàn trà vuông có thể được sử dụng trong nhiều không gian, từ phòng khách gia đình đến văn phòng hoặc phòng chờ cao cấp.  

### Mẹo bài trí Bàn Trà Vuông trong phòng khách  
Để bàn trà vuông trở thành trung tâm của phòng khách, bạn có thể áp dụng các mẹo sau:  
1. **Kết hợp với sofa da**: Mặt kính đen rất hợp với sofa da màu nâu, đen hoặc trắng, tạo nên sự tương phản hoặc hài hòa về màu sắc.  
2. **Sử dụng phụ kiện trang trí**: Đặt một khay kim loại, một bộ nến thơm hoặc một bình hoa nhỏ trên mặt bàn để tăng thêm sự tinh tế.  
3. **Đặt thảm trải sàn**: Một tấm thảm màu xám hoặc trắng sẽ làm nổi bật bàn trà và tạo sự ấm cúng cho khu vực tiếp khách.  
4. **Tận dụng ánh sáng**: Đặt bàn trà gần cửa sổ hoặc dưới ánh sáng đèn để làm nổi bật vẻ bóng bẩy của mặt kính.  

### Chương trình ưu đãi  
Từ ngày 4/5 đến 12/5/2025, Bàn Trà Vuông mặt kính đen được giảm giá 15%, từ mức giá gốc 2.700.000 VNĐ xuống còn 2.295.000 VNĐ. Khách hàng mua trong thời gian này sẽ nhận thêm một bộ khay trang trí bằng kim loại miễn phí, giúp bạn dễ dàng làm đẹp không gian phòng khách.  

Hãy ghé thăm cửa hàng nội thất của chúng tôi hoặc truy cập website để khám phá sản phẩm và nhận tư vấn chi tiết. Với thiết kế hiện đại, chất lượng vượt trội và mức giá hợp lý, Bàn Trà Vuông mặt kính đen sẽ là lựa chọn hoàn hảo để nâng cấp không gian sống của bạn!', 
'2025-05-04', 4),

('Bàn Ăn 4 Ghế - Sự lựa chọn hoàn hảo cho gia đình nhỏ', 
'**Bàn Ăn 4 Ghế - Sự lựa chọn hoàn hảo cho gia đình nhỏ**  

Bàn ăn là trái tim của mỗi căn bếp, nơi các thành viên trong gia đình quây quần bên nhau trong những bữa ăn ấm cúng. Bàn Ăn 4 Ghế gỗ bạch đàn tự nhiên của chúng tôi là sự lựa chọn lý tưởng cho các gia đình nhỏ, mang lại sự kết hợp hoàn hảo giữa thiết kế tinh tế, độ bền vượt trội và giá trị thực dụng. Trong bài viết này, chúng tôi sẽ giới thiệu chi tiết về sản phẩm và chia sẻ những mẹo để chọn và bài trí bàn ăn phù hợp cho không gian bếp của bạn.  

### Thiết kế tối giản và bền bỉ  
Bàn Ăn 4 Ghế được chế tác từ gỗ bạch đàn tự nhiên, một loại gỗ nổi tiếng với độ cứng và khả năng chống cong vênh vượt trội. Bề mặt bàn được phủ lớp sơn PU chống thấm, giúp bảo vệ gỗ khỏi các vết bẩn từ thức ăn hoặc nước uống. Bộ sản phẩm bao gồm một bàn ăn và bốn ghế được thiết kế đồng bộ, với các đường nét tối giản, phù hợp với nhiều phong cách nội thất từ truyền thống đến hiện đại.  

Kích thước bàn ăn được thiết kế dành riêng cho các gia đình nhỏ, với chiều dài khoảng 120cm, đủ để phục vụ 4 người mà không chiếm quá nhiều không gian trong căn bếp. Ghế đi kèm được bọc đệm vải bố cao cấp, mang lại sự thoải mái khi ngồi trong thời gian dài.  

### Lý do nên chọn Bàn Ăn 4 Ghế  
1. **Thiết kế nhỏ gọn**: Phù hợp với các căn bếp có diện tích hạn chế, từ căn hộ chung cư đến nhà phố nhỏ.  
2. **Chất liệu tự nhiên**: Gỗ bạch đàn tự nhiên không chỉ bền mà còn mang lại vẻ đẹp mộc mạc, gần gũi.  
3. **Dễ dàng vệ sinh**: Bề mặt bàn và ghế được xử lý chống bám bẩn, giúp việc lau chùi trở nên dễ dàng.  
4. **Giá trị lâu dài**: Với độ bền cao và thiết kế vượt thời gian, sản phẩm sẽ đồng hành cùng gia đình bạn trong nhiều năm.  

### Mẹo bài trí Bàn Ăn 4 Ghế trong căn bếp  
1. **Đặt bàn ở vị trí trung tâm**: Nếu không gian bếp đủ rộng, hãy đặt bàn ăn ở trung tâm để tạo sự cân đối.  
2. **Sử dụng khăn trải bàn**: Một chiếc khăn trải bàn có hoa văn đơn giản sẽ làm tăng tính thẩm mỹ và bảo vệ bề mặt bàn.  
3. **Kết hợp với đèn trang trí**: Một chiếc đèn chùm nhỏ hoặc đèn thả phía trên bàn ăn sẽ tạo không khí ấm cúng cho bữa ăn gia đình.  
4. **Thêm cây xanh**: Đặt một bình hoa nhỏ hoặc chậu cây mini trên bàn để mang lại cảm giác tươi mới.  

### Chương trình ưu đãi  
Từ ngày 5/5 đến 15/5/2025, Bàn Ăn 4 Ghế được giảm giá 10%, từ mức giá gốc 8.500.000 VNĐ xuống còn 7.650.000 VNĐ. Khách hàng mua trong thời gian này sẽ nhận được một bộ khăn trải bàn cao cấp miễn phí, giúp bạn dễ dàng làm đẹp không gian bếp.  

Hãy đến ngay cửa hàng nội thất của chúng tôi hoặc truy cập website để khám phá sản phẩm và nhận tư vấn chi tiết. Với thiết kế tinh tế, chất lượng vượt trội và mức giá hợp lý, Bàn Ăn 4 Ghế sẽ là lựa chọn hoàn hảo để mang lại sự ấm áp và tiện nghi cho căn bếp của bạn!', 
'2025-05-05', 5),
('Bàn Ăn Tròn xoay - Giải pháp tiện lợi cho không gian nhỏ', '**Bàn Ăn Tròn xoay - Giải pháp tiện lợi cho không gian nhỏ**\n\nBàn ăn không chỉ là nơi gia đình quây quần bên nhau mà còn là tâm điểm của căn bếp, mang lại sự ấm áp và kết nối. Bàn Ăn Tròn xoay của chúng tôi là giải pháp hoàn hảo cho những gia đình muốn tối ưu hóa không gian mà vẫn đảm bảo sự tiện nghi và thẩm mỹ. Với thiết kế thông minh và chất liệu cao cấp, sản phẩm này hứa hẹn sẽ trở thành lựa chọn lý tưởng cho căn bếp hiện đại. Trong bài viết này, chúng tôi sẽ giới thiệu chi tiết về sản phẩm và chia sẻ những mẹo bài trí để biến căn bếp của bạn thành không gian lý tưởng.\n\n### Thiết kế thông minh và thẩm mỹ\nBàn Ăn Tròn xoay được thiết kế với mặt bàn tròn có khả năng xoay 360 độ, giúp việc chia sẻ thức ăn trở nên dễ dàng và thuận tiện, đặc biệt trong các bữa tiệc gia đình. Được chế tác từ gỗ tự nhiên cao cấp, bàn có độ bền vượt trội và khả năng chống cong vênh, phù hợp với khí hậu Việt Nam. Bề mặt bàn được phủ lớp sơn PU chống thấm, giúp bảo vệ gỗ khỏi các vết bẩn từ thực phẩm hoặc nước uống. Với đường kính 100cm, bàn phù hợp cho các gia đình từ 4 đến 6 người, lý tưởng cho các căn hộ hoặc nhà phố có diện tích bếp hạn chế.\n\n### Chất liệu và sự thoải mái\nChất liệu gỗ tự nhiên được lựa chọn kỹ lưỡng từ các nhà cung cấp uy tín, đảm bảo độ cứng và độ bền lâu dài. Các chân bàn được thiết kế chắc chắn, mang lại sự ổn định ngay cả khi xoay bàn. Ghế đi kèm được bọc đệm vải bố cao cấp, mang lại cảm giác êm ái và thoải mái khi ngồi trong thời gian dài. Sản phẩm có sẵn trong các màu sắc như gỗ tự nhiên, trắng và xám, giúp bạn dễ dàng phối hợp với các món nội thất khác trong căn bếp.\n\n### Tính năng nổi bật\nMột trong những điểm nổi bật của Bàn Ăn Tròn xoay là cơ chế xoay thông minh, giúp mọi người trên bàn dễ dàng tiếp cận các món ăn mà không cần di chuyển. Thiết kế tròn giúp tiết kiệm không gian, loại bỏ các góc cạnh, tạo cảm giác không gian mở và thân thiện. Ngoài ra, bàn còn được thiết kế với độ cao tiêu chuẩn, phù hợp với tư thế ngồi tự nhiên, giảm áp lực lên lưng và cổ khi dùng bữa. Sản phẩm này đặc biệt phù hợp cho các gia đình yêu thích sự tiện lợi và hiện đại.\n\n### Ưu đãi đặc biệt\nTừ ngày 6/5 đến 18/5/2025, Bàn Ăn Tròn xoay được giảm giá 12%, từ mức giá gốc 7.900.000 VNĐ xuống còn 6.952.000 VNĐ. Khách hàng mua trong thời gian này sẽ nhận được một bộ khăn trải bàn cao cấp miễn phí, giúp tăng thêm vẻ đẹp cho không gian bếp. Hãy đến ngay cửa hàng nội thất của chúng tôi hoặc truy cập website để khám phá sản phẩm và nhận tư vấn chi tiết từ đội ngũ chuyên viên.\n\n### Mẹo bài trí Bàn Ăn Tròn xoay\nĐể biến Bàn Ăn Tròn xoay thành điểm nhấn trong căn bếp, bạn có thể áp dụng các mẹo sau:\n1. **Đặt bàn ở vị trí trung tâm**: Nếu không gian bếp đủ rộng, đặt bàn ở trung tâm để tạo sự cân đối và dễ dàng di chuyển xung quanh.\n2. **Sử dụng khăn trải bàn tròn**: Một chiếc khăn trải bàn tròn với hoa văn nhẹ nhàng sẽ làm tăng tính thẩm mỹ và bảo vệ bề mặt bàn.\n3. **Kết hợp với đèn trang trí**: Một chiếc đèn thả phía trên bàn ăn sẽ tạo không khí ấm cúng và sang trọng cho bữa ăn gia đình.\n4. **Thêm phụ kiện trang trí**: Đặt một bình hoa nhỏ hoặc lọ nến ở trung tâm bàn để mang lại cảm giác tươi mới và tinh tế.\n\n### Cam kết chất lượng\nMỗi sản phẩm Bàn Ăn Tròn xoay đều được bảo hành 5 năm, đảm bảo chất lượng vượt trội và sự yên tâm tuyệt đối cho khách hàng. Đội ngũ tư vấn của chúng tôi luôn sẵn sàng hỗ trợ bạn chọn lựa sản phẩm phù hợp nhất với nhu cầu và không gian bếp. Với thiết kế thông minh, chất liệu cao cấp và mức giá hợp lý, Bàn Ăn Tròn xoay sẽ mang lại sự tiện nghi và thẩm mỹ tối ưu cho căn bếp của bạn. Hãy ghé thăm cửa hàng hoặc truy cập website ngay hôm nay để không bỏ lỡ cơ hội sở hữu sản phẩm tuyệt vời này!', '2025-05-06', 6),

('Tủ Giường Gấp - Giải pháp tối ưu cho căn hộ nhỏ', '**Tủ Giường Gấp - Giải pháp tối ưu cho căn hộ nhỏ**\n\nTrong bối cảnh không gian sống ngày càng hạn chế, đặc biệt ở các thành phố lớn, việc lựa chọn nội thất thông minh trở thành xu hướng tất yếu. Tủ Giường Gấp của chúng tôi là một giải pháp hoàn hảo, kết hợp giữa giường ngủ và tủ lưu trữ, mang lại sự tiện lợi và thẩm mỹ cho các căn hộ nhỏ. Trong bài viết này, chúng tôi sẽ giới thiệu chi tiết về sản phẩm và chia sẻ những mẹo để sử dụng và bài trí hiệu quả trong không gian sống của bạn.\n\n### Thiết kế thông minh và tiện lợi\nTủ Giường Gấp được thiết kế với cơ chế gấp gọn thông minh, cho phép bạn dễ dàng chuyển đổi từ giường ngủ sang tủ lưu trữ chỉ trong vài giây. Sản phẩm được chế tác từ gỗ công nghiệp MDF chất lượng cao, phủ lớp melamine chống trầy xước và chống ẩm, đảm bảo độ bền lâu dài. Với kích thước tối ưu, sản phẩm phù hợp cho các căn hộ có diện tích từ 15-25m², giúp tiết kiệm không gian mà vẫn đảm bảo sự thoải mái khi sử dụng.\n\n### Chất liệu và độ bền\nChất liệu gỗ MDF được xử lý kỹ lưỡng để chống cong vênh và chống ẩm, phù hợp với khí hậu Việt Nam. Bề mặt giường được bọc đệm mút êm ái, mang lại cảm giác thoải mái khi ngủ. Tủ lưu trữ đi kèm có nhiều ngăn, cho phép bạn sắp xếp quần áo, chăn gối hoặc các vật dụng cá nhân một cách gọn gàng. Sản phẩm có sẵn trong các màu sắc như trắng, gỗ sồi và xám đậm, dễ dàng phối hợp với các phong cách nội thất hiện đại.\n\n### Tính năng nổi bật\nTủ Giường Gấp nổi bật với khả năng tiết kiệm không gian, lý tưởng cho các căn hộ studio hoặc phòng ngủ nhỏ. Cơ chế gấp sử dụng lò xo trợ lực, giúp việc nâng hạ giường trở nên nhẹ nhàng và an toàn. Ngoài ra, tủ đi kèm được thiết kế với các kệ lưu trữ đa năng, phù hợp để đựng sách, đồ trang trí hoặc các vật dụng cần thiết. Sản phẩm này là sự lựa chọn hoàn hảo cho những ai muốn tối ưu hóa không gian mà vẫn giữ được sự tiện nghi.\n\n### Ưu đãi đặc biệt\nTừ ngày 7/5 đến 17/5/2025, Tủ Giường Gấp được giảm giá 10%, từ mức giá gốc 15.000.000 VNĐ xuống còn 13.500.000 VNĐ. Khách hàng mua trong thời gian này sẽ nhận được một bộ chăn gối cao cấp miễn phí, giúp bạn hoàn thiện không gian ngủ. Hãy đến ngay cửa hàng nội thất hoặc truy cập website để khám phá sản phẩm và nhận tư vấn chi tiết.\n\n### Mẹo bài trí Tủ Giường Gấp\nĐể tận dụng tối đa Tủ Giường Gấp, bạn có thể áp dụng các mẹo sau:\n1. **Đặt ở góc phòng**: Đặt tủ giường sát tường hoặc góc phòng để tiết kiệm không gian và tạo cảm giác gọn gàng.\n2. **Kết hợp với gương**: Gắn một tấm gương lớn trên cánh tủ để tạo cảm giác không gian rộng hơn.\n3. **Sử dụng đèn ngủ**: Đặt một chiếc đèn ngủ nhỏ trên kệ tủ để tạo không khí ấm cúng và tiện lợi.\n4. **Thêm thảm nhỏ**: Một tấm thảm nhỏ cạnh giường sẽ làm tăng sự thoải mái và thẩm mỹ cho không gian.\n\n### Cam kết chất lượng\nTủ Giường Gấp được bảo hành 5 năm, đảm bảo chất lượng và độ bền vượt trội. Đội ngũ tư vấn của chúng tôi luôn sẵn sàng hỗ trợ bạn chọn sản phẩm phù hợp nhất. Với thiết kế thông minh, chất liệu cao cấp và mức giá hợp lý, Tủ Giường Gấp sẽ là lựa chọn lý tưởng để nâng cấp không gian sống của bạn. Hãy ghé thăm cửa hàng hoặc website ngay hôm nay!', '2025-05-07', 7),

('Tủ Giường Kéo - Sự kết hợp hoàn hảo giữa tiện ích và thẩm mỹ', '**Tủ Giường Kéo - Sự kết hợp hoàn hảo giữa tiện ích và thẩm mỹ**\n\nTủ Giường Kéo là một trong những sản phẩm nội thất thông minh nổi bật của cửa hàng chúng tôi, mang lại giải pháp lưu trữ và nghỉ ngơi lý tưởng cho các không gian nhỏ. Với thiết kế sáng tạo và chất liệu cao cấp, sản phẩm này không chỉ tiết kiệm không gian mà còn nâng tầm thẩm mỹ cho căn phòng của bạn. Trong bài viết này, chúng tôi sẽ giới thiệu chi tiết về Tủ Giường Kéo và chia sẻ mẹo bài trí để tối ưu hóa không gian sống.\n\n### Thiết kế sáng tạo và tiện dụng\nTủ Giường Kéo được thiết kế với cơ chế kéo linh hoạt, cho phép bạn kéo giường ra khi sử dụng và đẩy vào khi không cần thiết, giúp tiết kiệm không gian tối đa. Sản phẩm được chế tác từ gỗ công nghiệp MFC phủ melamine, có khả năng chống ẩm và chống trầy xước. Với kích thước phù hợp cho các căn phòng từ 10-20m², Tủ Giường Kéo là lựa chọn lý tưởng cho căn hộ nhỏ hoặc phòng ngủ phụ.\n\n### Chất liệu và sự bền bỉ\nChất liệu gỗ MFC được xử lý kỹ lưỡng để đảm bảo độ bền và khả năng chịu lực cao. Bề mặt giường được bọc đệm êm ái, mang lại sự thoải mái khi ngủ. Tủ đi kèm có nhiều ngăn lưu trữ, giúp bạn sắp xếp quần áo, chăn gối hoặc các vật dụng cá nhân một cách gọn gàng. Sản phẩm có sẵn trong các màu như trắng, gỗ tự nhiên và đen, dễ dàng phối hợp với các phong cách nội thất.\n\n### Tính năng nổi bật\nTủ Giường Kéo nổi bật với cơ chế kéo mượt mà, sử dụng ray trượt chất lượng cao, đảm bảo việc kéo ra và đẩy vào dễ dàng. Ngăn lưu trữ của tủ được thiết kế thông minh, với các kệ và ngăn kéo đa năng, phù hợp để đựng nhiều loại vật dụng. Sản phẩm này đặc biệt phù hợp cho những ai muốn kết hợp giữa giường ngủ và không gian lưu trữ trong một sản phẩm duy nhất.\n\n### Ưu đãi đặc biệt\nTừ ngày 8/5 đến 20/5/2025, Tủ Giường Kéo được giảm giá 12%, từ mức giá gốc 11.000.000 VNĐ xuống còn 9.680.000 VNĐ. Khách hàng mua trong thời gian này sẽ nhận được một bộ chăn gối cao cấp miễn phí. Hãy đến ngay cửa hàng hoặc truy cập website để khám phá sản phẩm và nhận tư vấn chi tiết.\n\n### Mẹo bài trí Tủ Giường Kéo\nĐể tối ưu hóa Tủ Giường Kéo, bạn có thể áp dụng các mẹo sau:\n1. **Đặt sát tường**: Đặt tủ giường sát tường để tiết kiệm không gian và tạo cảm giác gọn gàng.\n2. **Kết hợp với gương**: Gắn gương trên cánh tủ để tạo cảm giác không gian rộng hơn.\n3. **Sử dụng đèn ngủ**: Đặt một chiếc đèn ngủ nhỏ trên kệ tủ để tăng sự tiện lợi và thẩm mỹ.\n4. **Thêm thảm nhỏ**: Một tấm thảm nhỏ cạnh giường sẽ làm tăng sự thoải mái và vẻ đẹp cho không gian.\n\n### Cam kết chất lượng\nTủ Giường Kéo được bảo hành 3 năm, đảm bảo chất lượng và độ bền vượt trội. Đội ngũ tư vấn của chúng tôi luôn sẵn sàng hỗ trợ bạn chọn sản phẩm phù hợp nhất. Với thiết kế sáng tạo, chất liệu cao cấp và mức giá hợp lý, Tủ Giường Kéo sẽ là lựa chọn hoàn hảo cho không gian sống hiện đại.', '2025-05-08', 8),

('Ghế Thư Giãn Gỗ - Phong cách Nhật Bản tối giản', '**Ghế Thư Giãn Gỗ - Phong cách Nhật Bản tối giản**\n\nGhế Thư Giãn Gỗ cong kiểu Nhật là lựa chọn hoàn hảo cho những ai yêu thích sự tối giản và thanh lịch trong không gian sống. Với thiết kế độc đáo và chất liệu gỗ tự nhiên, sản phẩm này mang lại sự thoải mái tối đa, phù hợp để thư giãn sau một ngày làm việc dài. Trong bài viết này, chúng tôi sẽ giới thiệu chi tiết về sản phẩm và chia sẻ mẹo bài trí để biến không gian của bạn thành một nơi nghỉ ngơi lý tưởng.\n\n### Thiết kế tối giản và thanh lịch\nGhế Thư Giãn Gỗ được thiết kế theo phong cách Nhật Bản, với các đường cong mềm mại và cấu trúc tối giản, mang lại cảm giác thư thái và gần gũi với thiên nhiên. Sản phẩm được chế tác từ gỗ tự nhiên cao cấp, với bề mặt được xử lý mịn màng và phủ lớp sơn PU chống thấm. Kích thước ghế được tối ưu hóa để phù hợp với nhiều không gian, từ phòng khách, phòng đọc sách đến góc thư giãn trong phòng ngủ.\n\n### Chất liệu và sự thoải mái\nChất liệu gỗ tự nhiên được lựa chọn kỹ lưỡng, đảm bảo độ bền và khả năng chịu lực cao. Ghế được thiết kế với góc nghiêng tự nhiên, hỗ trợ tư thế ngồi thoải mái, giảm áp lực lên lưng và cổ. Một số mẫu ghế được bọc thêm đệm vải bố mềm mại, mang lại cảm giác êm ái hơn khi sử dụng. Sản phẩm có sẵn trong các màu như gỗ tự nhiên, trắng và đen, dễ dàng phối hợp với các món nội thất khác.\n\n### Tính năng nổi bật\nGhế Thư Giãn Gỗ nổi bật với thiết kế công thái học, giúp hỗ trợ cơ thể một cách tối ưu khi ngồi. Các đường cong của ghế được tính toán kỹ lưỡng để mang lại sự thoải mái tối đa, phù hợp cho việc đọc sách, thiền hoặc nghỉ ngơi. Sản phẩm này đặc biệt phù hợp với những ai yêu thích phong cách sống tối giản và gần gũi với thiên nhiên.\n\n### Ưu đãi đặc biệt\nTừ ngày 9/5 đến 19/5/2025, Ghế Thư Giãn Gỗ được giảm giá 10%, từ mức giá gốc 4.200.000 VNĐ xuống còn 3.780.000 VNĐ. Khách hàng mua trong thời gian này sẽ nhận được một bộ gối tựa lưng miễn phí. Hãy đến ngay cửa hàng hoặc truy cập website để khám phá sản phẩm và nhận tư vấn chi tiết.\n\n### Mẹo bài trí Ghế Thư Giãn Gỗ\nĐể tận dụng tối đa Ghế Thư Giãn Gỗ, bạn có thể áp dụng các mẹo sau:\n1. **Đặt ở góc thư giãn**: Đặt ghế ở một góc yên tĩnh trong phòng khách hoặc phòng ngủ để tạo không gian nghỉ ngơi riêng tư.\n2. **Kết hợp với bàn nhỏ**: Đặt một bàn trà nhỏ hoặc kệ sách bên cạnh ghế để tiện sử dụng khi đọc sách hoặc uống trà.\n3. **Sử dụng thảm trải sàn**: Một tấm thảm nhỏ dưới ghế sẽ làm tăng sự ấm cúng và thẩm mỹ.\n4. **Thêm cây xanh**: Đặt một chậu cây nhỏ gần ghế để mang lại cảm giác thư giãn và gần gũi với thiên nhiên.\n\n### Cam kết chất lượng\nGhế Thư Giãn Gỗ được bảo hành 3 năm, đảm bảo chất lượng và độ bền vượt trội. Đội ngũ tư vấn của chúng tôi luôn sẵn sàng hỗ trợ bạn chọn sản phẩm phù hợp nhất. Với thiết kế tối giản, chất liệu cao cấp và mức giá hợp lý, Ghế Thư Giãn Gỗ sẽ là lựa chọn hoàn hảo để mang lại sự thư giãn và thẩm mỹ cho không gian của bạn.', '2025-05-09', 9),

('Khuyến mãi đặc biệt cho Ghế Thư Giãn Da', '**Khuyến mãi đặc biệt cho Ghế Thư Giãn Da - Chào hè 2025**\n\nGhế Thư Giãn Da ngả lưng là sản phẩm lý tưởng cho những ai tìm kiếm sự thoải mái và sang trọng trong không gian sống. Với thiết kế hiện đại và chất liệu da cao cấp, sản phẩm này mang lại trải nghiệm thư giãn tuyệt vời, phù hợp để sử dụng trong phòng khách, phòng đọc sách hoặc góc nghỉ ngơi. Trong bài viết này, chúng tôi sẽ giới thiệu chi tiết về sản phẩm và chia sẻ mẹo bài trí để nâng tầm không gian sống của bạn.\n\n### Thiết kế hiện đại và sang trọng\nGhế Thư Giãn Da được thiết kế với cơ chế ngả lưng linh hoạt, cho phép bạn điều chỉnh góc nghiêng để đạt được tư thế thoải mái nhất. Sản phẩm được bọc da cao cấp nhập khẩu, mang lại vẻ đẹp sang trọng và độ bền vượt trội. Với kích thước phù hợp, ghế có thể được đặt ở nhiều không gian, từ phòng khách rộng rãi đến góc thư giãn nhỏ gọn trong phòng ngủ.\n\n### Chất liệu và sự thoải mái\nChất liệu da cao cấp được xử lý kỹ lưỡng để chống bám bẩn và chống thấm nước, đảm bảo dễ dàng vệ sinh và giữ được vẻ đẹp lâu dài. Lớp đệm mút bên trong ghế được thiết kế với độ đàn hồi cao, mang lại cảm giác êm ái và hỗ trợ tốt cho cơ thể. Ghế có sẵn trong các màu như đen, nâu và trắng kem, dễ dàng phối hợp với các món nội thất khác.\n\n### Tính năng nổi bật\nGhế Thư Giãn Da nổi bật với cơ chế ngả lưng mượt mà, cho phép bạn điều chỉnh từ tư thế ngồi thẳng đến nằm thư giãn. Thiết kế công thái học hỗ trợ lưng và cổ, giúp giảm áp lực và mang lại sự thoải mái tối đa. Sản phẩm này đặc biệt phù hợp cho những ai muốn có một không gian nghỉ ngơi sang trọng và tiện nghi.\n\n### Ưu đãi đặc biệt\nTừ ngày 10/5 đến 20/5/2025, Ghế Thư Giãn Da được giảm giá 15%, từ mức giá gốc 4.800.000 VNĐ xuống còn 4.080.000 VNĐ. Khách hàng mua trong thời gian này sẽ nhận được một bộ gối tựa lưng miễn phí. Hãy đến ngay cửa hàng hoặc truy cập website để khám phá sản phẩm và nhận tư vấn chi tiết.\n\n### Mẹo bài trí Ghế Thư Giãn Da\nĐể tận dụng tối đa Ghế Thư Giãn Da, bạn có thể áp dụng các mẹo sau:\n1. **Đặt ở góc thư giãn**: Đặt ghế ở một góc yên tĩnh trong phòng khách hoặc phòng ngủ để tạo không gian nghỉ ngơi riêng tư.\n2. **Kết hợp với bàn nhỏ**: Đặt một bàn trà nhỏ hoặc kệ sách bên cạnh ghế để tiện sử dụng khi đọc sách hoặc uống trà.\n3. **Sử dụng thảm trải sàn**: Một tấm thảm nhỏ dưới ghế sẽ làm tăng sự ấm cúng và thẩm mỹ.\n4. **Thêm cây xanh**: Đặt một chậu cây nhỏ gần ghế để mang lại cảm giác thư giãn và gần gũi với thiên nhiên.\n\n### Cam kết chất lượng\nGhế Thư Giãn Da được bảo hành 3 năm, đảm bảo chất lượng và độ bền vượt trội. Đội ngũ tư vấn của chúng tôi luôn sẵn sàng hỗ trợ bạn chọn sản phẩm phù hợp nhất. Với thiết kế sang trọng, chất liệu cao cấp và mức giá hợp lý, Ghế Thư Giãn Da sẽ là lựa chọn hoàn hảo để nâng cấp không gian sống của bạn.', '2025-05-10', 10),

('Cách bảo quản sofa da cao cấp', '**Cách bảo quản sofa da cao cấp - Giữ vẻ đẹp lâu dài**\n\nSofa da cao cấp, như Sofa Góc L của chúng tôi, là một khoản đầu tư lớn cho không gian sống, mang lại sự sang trọng và thoải mái. Tuy nhiên, để giữ cho sofa da luôn bền đẹp, việc bảo quản đúng cách là điều cần thiết. Trong bài viết này, chúng tôi sẽ chia sẻ những mẹo hữu ích để bảo quản sofa da, giúp sản phẩm luôn giữ được vẻ đẹp như mới.\n\n### Tầm quan trọng của việc bảo quản sofa da\nSofa da không chỉ là một món nội thất mà còn là điểm nhấn thẩm mỹ trong phòng khách. Tuy nhiên, da là một chất liệu tự nhiên, dễ bị ảnh hưởng bởi ánh nắng, độ ẩm và bụi bẩn nếu không được chăm sóc đúng cách. Việc bảo quản sofa da đúng cách sẽ giúp kéo dài tuổi thọ sản phẩm, tiết kiệm chi phí sửa chữa và giữ được vẻ đẹp sang trọng.\n\n### Mẹo bảo quản sofa da\n1. **Vệ sinh định kỳ**: Sử dụng khăn microfiber mềm và dung dịch vệ sinh chuyên dụng cho da để lau sạch bụi bẩn và vết bẩn trên bề mặt sofa. Lau nhẹ nhàng theo vòng tròn để tránh làm xước da.\n2. **Tránh ánh nắng trực tiếp**: Đặt sofa ở vị trí tránh ánh nắng mặt trời để ngăn chặn tình trạng phai màu hoặc nứt nẻ da.\n3. **Duy trì độ ẩm**: Sử dụng máy tạo độ ẩm trong phòng để giữ da luôn mềm mại, đặc biệt trong mùa khô.\n4. **Sử dụng sản phẩm bảo dưỡng da**: Áp dụng dung dịch dưỡng da chuyên dụng mỗi 3-6 tháng để giữ da bóng mượt và ngăn ngừa khô nứt.\n\n### Cách xử lý vết bẩn trên sofa da\nNếu sofa da bị dính vết bẩn, hãy xử lý ngay lập tức để tránh vết bẩn thấm sâu. Dùng khăn ẩm lau nhẹ nhàng, sau đó lau khô bằng khăn sạch. Tránh sử dụng các chất tẩy mạnh như cồn hoặc xà phòng thông thường, vì chúng có thể làm hỏng bề mặt da.\n\n### Ưu đãi đặc biệt\nTừ ngày 11/5 đến 20/5/2025, khách hàng mua Sofa Góc L sẽ nhận được một bộ sản phẩm vệ sinh da cao cấp miễn phí, giúp bạn dễ dàng bảo quản sofa. Hãy đến ngay cửa hàng hoặc truy cập website để khám phá sản phẩm và nhận tư vấn chi tiết.\n\n### Mẹo bài trí sofa da\nĐể sofa da trở thành điểm nhấn trong phòng khách, bạn có thể áp dụng các mẹo sau:\n1. **Kết hợp với bàn trà kính**: Một chiếc bàn trà vuông mặt kính đen sẽ làm nổi bật vẻ sang trọng của sofa da.\n2. **Sử dụng gối trang trí**: Thêm gối tựa lưng với màu sắc tương phản để tăng tính thẩm mỹ.\n3. **Đặt thảm trải sàn**: Một tấm thảm màu trung tính sẽ làm tăng sự ấm cúng và sang trọng.\n4. **Tận dụng ánh sáng**: Đặt sofa gần cửa sổ hoặc dưới ánh sáng đèn để làm nổi bật vẻ bóng bẩy của da.\n\n### Cam kết chất lượng\nSofa Góc L được bảo hành 5 năm, đảm bảo chất lượng và độ bền vượt trội. Đội ngũ tư vấn của chúng tôi luôn sẵn sàng hỗ trợ bạn bảo quản và sử dụng sofa hiệu quả. Với các mẹo bảo quản trên, bạn sẽ giữ được vẻ đẹp của sofa da trong nhiều năm tới.', '2025-05-11', 1),

('Bàn Trà Tròn - Phong cách tối giản cho phòng khách', '**Bàn Trà Tròn - Phong cách tối giản cho phòng khách**\n\nBàn Trà Tròn chân gỗ sồi là lựa chọn hoàn hảo cho những ai yêu thích phong cách tối giản và hiện đại. Với thiết kế nhỏ gọn và chất liệu tự nhiên, sản phẩm này không chỉ mang lại sự tiện nghi mà còn nâng tầm thẩm mỹ cho phòng khách của bạn. Trong bài viết này, chúng tôi sẽ giới thiệu chi tiết về sản phẩm và chia sẻ mẹo bài trí để tạo nên không gian tiếp khách lý tưởng.\n\n### Thiết kế tối giản và hiện đại\nBàn Trà Tròn được thiết kế với mặt bàn tròn bằng gỗ sồi tự nhiên, phủ lớp sơn PU chống thấm, mang lại độ bền và vẻ đẹp mộc mạc. Chân bàn được chế tác từ gỗ sồi chắc chắn, đảm bảo sự ổn định và khả năng chịu lực cao. Với đường kính từ 60cm đến 80cm, bàn phù hợp cho các phòng khách nhỏ từ 10-15m², giúp tiết kiệm không gian mà vẫn đảm bảo tính thẩm mỹ.\n\n### Chất liệu và độ bền\nChất liệu gỗ sồi tự nhiên được xử lý kỹ lưỡng để chống cong vênh và chống ẩm, phù hợp với khí hậu Việt Nam. Bề mặt bàn được gia công mịn màng, dễ dàng vệ sinh và chống trầy xước. Sản phẩm có sẵn trong các màu như gỗ tự nhiên, trắng và đen, dễ dàng phối hợp với các món nội thất khác như sofa da hoặc sofa vải bố.\n\n### Tính năng nổi bật\nBàn Trà Tròn nổi bật với thiết kế không góc cạnh, tạo cảm giác không gian mở và an toàn, đặc biệt phù hợp cho gia đình có trẻ nhỏ. Một số mẫu bàn được tích hợp ngăn kéo nhỏ, giúp bạn lưu trữ các vật dụng như tạp chí, điều khiển từ xa hoặc đồ trang trí. Sản phẩm này là lựa chọn lý tưởng cho những ai muốn kết hợp giữa công năng và thẩm mỹ.\n\n### Ưu đãi đặc biệt\nTừ ngày 12/5 đến 20/5/2025, Bàn Trà Tròn được giảm giá 10%, từ mức giá gốc 2.500.000 VNĐ xuống còn 2.250.000 VNĐ. Khách hàng mua trong thời gian này sẽ nhận được một bộ khay trang trí bằng gỗ miễn phí. Hãy đến ngay cửa hàng hoặc truy cập website để khám phá sản phẩm và nhận tư vấn chi tiết.\n\n### Mẹo bài trí Bàn Trà Tròn\nĐể tận dụng tối đa Bàn Trà Tròn, bạn có thể áp dụng các mẹo sau:\n1. **Đặt ở trung tâm phòng khách**: Đặt bàn ở trung tâm khu vực tiếp khách để tạo sự cân đối và dễ dàng di chuyển.\n2. **Kết hợp với sofa vải bố**: Một chiếc sofa vải bố màu xám sẽ làm nổi bật vẻ đẹp mộc mạc của bàn trà.\n3. **Sử dụng thảm trải sàn**: Một tấm thảm màu trung tính sẽ làm tăng sự ấm cúng và thẩm mỹ.\n4. **Thêm phụ kiện trang trí**: Đặt một bình hoa nhỏ hoặc lọ nến trên bàn để tạo điểm nhấn tinh tế.\n\n### Cam kết chất lượng\nBàn Trà Tròn được bảo hành 3 năm, đảm bảo chất lượng và độ bền vượt trội. Đội ngũ tư vấn của chúng tôi luôn sẵn sàng hỗ trợ bạn chọn sản phẩm phù hợp nhất. Với thiết kế tối giản, chất liệu tự nhiên và mức giá hợp lý, Bàn Trà Tròn sẽ là lựa chọn hoàn hảo để nâng cấp phòng khách của bạn.', '2025-05-12', 3),

('Bàn Ăn Tròn - Tiện ích cho không gian hẹp', '**Bàn Ăn Tròn - Tiện ích cho không gian hẹp**\n\nBàn Ăn Tròn xoay là giải pháp lý tưởng cho các căn bếp có diện tích hạn chế, mang lại sự tiện nghi và thẩm mỹ cho không gian ăn uống. Với thiết kế thông minh và chất liệu cao cấp, sản phẩm này giúp bạn tối ưu hóa không gian mà vẫn đảm bảo sự thoải mái cho các bữa ăn gia đình. Trong bài viết này, chúng tôi sẽ giới thiệu chi tiết về sản phẩm và chia sẻ mẹo bài trí để tạo nên không gian bếp lý tưởng.\n\n### Thiết kế thông minh và tiện lợi\nBàn Ăn Tròn xoay được thiết kế với mặt bàn tròn có khả năng xoay 360 độ, giúp việc chia sẻ thức ăn trở nên dễ dàng và thuận tiện. Sản phẩm được chế tác từ gỗ tự nhiên cao cấp, với bề mặt phủ sơn PU chống thấm, đảm bảo độ bền và dễ dàng vệ sinh. Với đường kính 100cm, bàn phù hợp cho các gia đình từ 4 đến 6 người, lý tưởng cho các căn hộ hoặc nhà phố nhỏ.\n\n### Chất liệu và độ bền\nChất liệu gỗ tự nhiên được xử lý kỹ lưỡng để chống cong vênh và chống ẩm, phù hợp với khí hậu Việt Nam. Chân bàn được thiết kế chắc chắn, mang lại sự ổn định ngay cả khi xoay. Ghế đi kèm được bọc đệm vải bố cao cấp, mang lại sự thoải mái khi ngồi. Sản phẩm có sẵn trong các màu như gỗ tự nhiên, trắng và xám, dễ dàng phối hợp với các món nội thất khác.\n\n### Tính năng nổi bật\nBàn Ăn Tròn xoay nổi bật với cơ chế xoay thông minh, giúp mọi người trên bàn dễ dàng tiếp cận các món ăn. Thiết kế tròn giúp tiết kiệm không gian và tạo cảm giác thân thiện. Sản phẩm này đặc biệt phù hợp cho các gia đình yêu thích sự tiện lợi và hiện đại.\n\n### Ưu đãi đặc biệt\nTừ ngày 13/5 đến 20/5/2025, Bàn Ăn Tròn được giảm giá 10%, từ mức giá gốc 7.900.000 VNĐ xuống còn 7.110.000 VNĐ. Khách hàng mua trong thời gian này sẽ nhận được một bộ khăn trải bàn miễn phí. Hãy đến ngay cửa hàng hoặc truy cập website để khám phá sản phẩm và nhận tư vấn chi tiết.\n\n### Mẹo bài trí Bàn Ăn Tròn\nĐể tận dụng tối đa Bàn Ăn Tròn, bạn có thể áp dụng các mẹo sau:\n1. **Đặt ở vị trí trung tâm**: Đặt bàn ở trung tâm căn bếp để tạo sự cân đối và dễ dàng di chuyển.\n2. **Sử dụng khăn trải bàn tròn**: Một chiếc khăn trải bàn tròn sẽ làm tăng tính thẩm mỹ và bảo vệ bề mặt bàn.\n3. **Kết hợp với đèn trang trí**: Một chiếc đèn thả phía trên bàn sẽ tạo không khí ấm cúng.\n4. **Thêm phụ kiện trang trí**: Đặt một bình hoa nhỏ hoặc lọ nến trên bàn để tạo điểm nhấn.\n\n### Cam kết chất lượng\nBàn Ăn Tròn được bảo hành 5 năm, đảm bảo chất lượng và độ bền vượt trội. Đội ngũ tư vấn của chúng tôi luôn sẵn sàng hỗ trợ bạn chọn sản phẩm phù hợp nhất. Với thiết kế thông minh, chất liệu cao cấp và mức giá hợp lý, Bàn Ăn Tròn sẽ là lựa chọn hoàn hảo để nâng cấp không gian bếp của bạn.', '2025-05-13', 6),

('Tủ Giường Kéo - Giải pháp lưu trữ thông minh', '**Tủ Giường Kéo - Giải pháp lưu trữ thông minh**\n\nTủ Giường Kéo là sản phẩm nội thất thông minh, kết hợp giữa giường ngủ và không gian lưu trữ, mang lại sự tiện lợi và thẩm mỹ cho các căn hộ nhỏ. Với thiết kế sáng tạo và chất liệu cao cấp, sản phẩm này giúp bạn tối ưu hóa không gian mà vẫn đảm bảo sự thoải mái. Trong bài viết này, chúng tôi sẽ giới thiệu chi tiết về sản phẩm và chia sẻ mẹo bài trí để nâng tầm không gian sống.\n\n### Thiết kế sáng tạo và tiện dụng\nTủ Giường Kéo được thiết kế với cơ chế kéo linh hoạt, cho phép bạn kéo giường ra khi sử dụng và đẩy vào khi không cần thiết. Sản phẩm được chế tác từ gỗ công nghiệp MFC phủ melamine, có khả năng chống ẩm và chống trầy xước. Với kích thước phù hợp cho các căn phòng từ 10-20m², Tủ Giường Kéo là lựa chọn lý tưởng cho căn hộ nhỏ hoặc phòng ngủ phụ.\n\n### Chất liệu và độ bền\nChất liệu gỗ MFC được xử lý kỹ lưỡng để đảm bảo độ bền và khả năng chịu lực cao. Bề mặt giường được bọc đệm êm ái, mang lại sự thoải mái khi ngủ. Tủ đi kèm có nhiều ngăn lưu trữ, giúp bạn sắp xếp quần áo, chăn gối hoặc các vật dụng cá nhân một cách gọn gàng. Sản phẩm có sẵn trong các màu như trắng, gỗ tự nhiên và đen.\n\n### Tính năng nổi bật\nTủ Giường Kéo nổi bật với cơ chế kéo mượt mà, sử dụng ray trượt chất lượng cao. Ngăn lưu trữ của tủ được thiết kế thông minh, với các kệ và ngăn kéo đa năng, phù hợp để đựng nhiều loại vật dụng. Sản phẩm này đặc biệt phù hợp cho những ai muốn kết hợp giữa giường ngủ và không gian lưu trữ.\n\n### Ưu đãi đặc biệt\nTừ ngày 14/5 đến 20/5/2025, Tủ Giường Kéo được giảm giá 12%, từ mức giá gốc 11.000.000 VNĐ xuống còn 9.680.000 VNĐ. Khách hàng mua trong thời gian này sẽ nhận được một bộ chăn gối cao cấp miễn phí. Hãy đến ngay cửa hàng hoặc truy cập website để khám phá sản phẩm.\n\n### Mẹo bài trí Tủ Giường Kéo\nĐể tận dụng tối đa Tủ Giường Kéo, bạn có thể áp dụng các mẹo sau:\n1. **Đặt sát tường**: Đặt tủ giường sát tường để tiết kiệm không gian.\n2. **Kết hợp với gương**: Gắn gương trên cánh tủ để tạo cảm giác không gian rộng hơn.\n3. **Sử dụng đèn ngủ**: Đặt một chiếc đèn ngủ nhỏ trên kệ tủ để tăng sự tiện lợi.\n4. **Thêm thảm nhỏ**: Một tấm thảm nhỏ cạnh giường sẽ làm tăng sự thoải mái.\n\n### Cam kết chất lượng\nTủ Giường Kéo được bảo hành 3 năm, đảm bảo chất lượng và độ bền vượt trội. Với thiết kế sáng tạo, chất liệu cao cấp và mức giá hợp lý, Tủ Giường Kéo sẽ là lựa chọn hoàn hảo cho không gian sống hiện đại.', '2025-05-14', 8),

('Ghế Thư Giãn Gỗ - Sự kết hợp giữa truyền thống và hiện đại', '**Ghế Thư Giãn Gỗ - Sự kết hợp giữa truyền thống và hiện đại**\n\nGhế Thư Giãn Gỗ cong kiểu Nhật là sản phẩm hoàn hảo cho những ai yêu thích sự kết hợp giữa phong cách truyền thống và hiện đại. Với thiết kế độc đáo và chất liệu gỗ tự nhiên, sản phẩm này mang lại sự thoải mái và thẩm mỹ cho không gian sống. Trong bài viết này, chúng tôi sẽ giới thiệu chi tiết về sản phẩm và chia sẻ mẹo bài trí để tạo nên không gian thư giãn lý tưởng.\n\n### Thiết kế độc đáo và thẩm mỹ\nGhế Thư Giãn Gỗ được thiết kế theo phong cách Nhật Bản, với các đường cong mềm mại và cấu trúc tối giản, mang lại cảm giác thư thái và gần gũi với thiên nhiên. Sản phẩm được chế tác từ gỗ tự nhiên cao cấp, với bề mặt được xử lý mịn màng và phủ lớp sơn PU chống thấm. Kích thước ghế được tối ưu hóa để phù hợp với nhiều không gian, từ phòng khách đến phòng ngủ.\n\n### Chất liệu và sự thoải mái\nChất liệu gỗ tự nhiên được lựa chọn kỹ lưỡng, đảm bảo độ bền và khả năng chịu lực cao. Ghế được thiết kế với góc nghiêng tự nhiên, hỗ trợ tư thế ngồi thoải mái, giảm áp lực lên lưng và cổ. Một số mẫu ghế được bọc thêm đệm vải bố mềm mại, mang lại cảm giác êm ái hơn khi sử dụng. Sản phẩm có sẵn trong các màu như gỗ tự nhiên, trắng và đen.\n\n### Tính năng nổi bật\nGhế Thư Giãn Gỗ nổi bật với thiết kế công thái học, giúp hỗ trợ cơ thể một cách tối ưu khi ngồi. Các đường cong của ghế được tính toán kỹ lưỡng để mang lại sự thoải mái tối đa, phù hợp cho việc đọc sách, thiền hoặc nghỉ ngơi. Sản phẩm này đặc biệt phù hợp với những ai yêu thích phong cách sống tối giản.\n\n### Ưu đãi đặc biệt\nTừ ngày 15/5 đến 20/5/2025, Ghế Thư Giãn Gỗ được giảm giá 10%, từ mức giá gốc 4.200.000 VNĐ xuống còn 3.780.000 VNĐ. Khách hàng mua trong thời gian này sẽ nhận được một bộ gối tựa lưng miễn phí. Hãy đến ngay cửa hàng hoặc truy cập website để khám phá sản phẩm.\n\n### Mẹo bài trí Ghế Thư Giãn Gỗ\nĐể tận dụng tối đa Ghế Thư Giãn Gỗ, bạn có thể áp dụng các mẹo sau:\n1. **Đặt ở góc thư giãn**: Đặt ghế ở một góc yên tĩnh trong phòng khách hoặc phòng ngủ.\n2. **Kết hợp với bàn nhỏ**: Đặt một bàn trà nhỏ hoặc kệ sách bên cạnh ghế để tiện sử dụng.\n3. **Sử dụng thảm trải sàn**: Một tấm thảm nhỏ dưới ghế sẽ làm tăng sự ấm cúng.\n4. **Thêm cây xanh**: Đặt một chậu cây nhỏ gần ghế để mang lại cảm giác thư giãn.\n\n### Cam kết chất lượng\nGhế Thư Giãn Gỗ được bảo hành 3 năm, đảm bảo chất lượng và độ bền vượt trội. Với thiết kế tối giản, chất liệu cao cấp và mức giá hợp lý, Ghế Thư Giãn Gỗ sẽ là lựa chọn hoàn hảo để nâng cấp không gian của bạn.', '2025-05-15', 9),

('Sofa Góc L - Bí quyết tạo không gian phòng khách sang trọng', '**Sofa Góc L - Bí quyết tạo không gian phòng khách sang trọng**\n\nSofa Góc L là một trong những sản phẩm nội thất nổi bật của cửa hàng chúng tôi, mang lại sự sang trọng và tiện nghi cho phòng khách. Với chất liệu da cao cấp và thiết kế hiện đại, sản phẩm này là lựa chọn lý tưởng để nâng tầm không gian sống. Trong bài viết này, chúng tôi sẽ giới thiệu chi tiết về sản phẩm và chia sẻ mẹo bài trí để tạo nên phòng khách hoàn hảo.\n\n### Thiết kế hiện đại và sang trọng\nSofa Góc L được thiết kế với cấu trúc góc L thông minh, giúp tận dụng tối đa không gian phòng khách. Sản phẩm được bọc da cao cấp nhập khẩu, với các đường may chắc chắn và bề mặt mịn màng. Kích thước linh hoạt của sofa cho phép bạn tùy chỉnh theo không gian, từ phòng khách nhỏ đến không gian rộng lớn.\n\n### Chất liệu và sự thoải mái\nChất liệu da cao cấp được xử lý kỹ lưỡng để chống bám bẩn và chống thấm nước, đảm bảo độ bền và dễ dàng vệ sinh. Lớp đệm mút bên trong sofa có độ đàn hồi cao, mang lại cảm giác êm ái và hỗ trợ tốt cho cơ thể. Sản phẩm có sẵn trong các màu như xám đậm, nâu trầm và đen bóng.\n\n### Tính năng nổi bật\nSofa Góc L nổi bật với thiết kế tùy chỉnh linh hoạt, cho phép bạn ghép các mô-đun để phù hợp với không gian. Một số mẫu còn được tích hợp ngăn chứa đồ, giúp bạn lưu trữ chăn, gối hoặc các vật dụng nhỏ gọn. Sản phẩm này đặc biệt phù hợp cho các gia đình muốn kết hợp giữa thẩm mỹ và công năng.\n\n### Ưu đãi đặc biệt\nTừ ngày 16/5 đến 20/5/2025, Sofa Góc L được giảm giá 15%, từ mức giá gốc 12.000.000 VNĐ xuống còn 10.200.000 VNĐ. Khách hàng mua trong thời gian này sẽ nhận được một bộ gối trang trí miễn phí. Hãy đến ngay cửa hàng hoặc truy cập website để khám phá sản phẩm.\n\n### Mẹo bài trí Sofa Góc L\nĐể tận dụng tối đa Sofa Góc L, bạn có thể áp dụng các mẹo sau:\n1. **Đặt sát tường hoặc góc phòng**: Điều này giúp tiết kiệm không gian và tạo cảm giác rộng rãi.\n2. **Kết hợp với bàn trà**: Một chiếc bàn trà tròn hoặc vuông sẽ làm tăng tính thẩm mỹ.\n3. **Sử dụng thảm trải sàn**: Một tấm thảm màu trung tính sẽ làm nổi bật sofa.\n4. **Thêm cây xanh**: Đặt một chậu cây nhỏ gần sofa để mang lại cảm giác tươi mới.\n\n### Cam kết chất lượng\nSofa Góc L được bảo hành 5 năm, đảm bảo chất lượng và độ bền vượt trội. Với thiết kế sang trọng, chất liệu cao cấp và mức giá hợp lý, Sofa Góc L sẽ là lựa chọn hoàn hảo để nâng cấp phòng khách của bạn.', '2025-05-16', 1),

('Sofa Băng - Sự lựa chọn hoàn hảo cho phòng khách nhỏ', '**Sofa Băng - Sự lựa chọn hoàn hảo cho phòng khách nhỏ**\n\nSofa Băng vải bố là sản phẩm nội thất lý tưởng cho các phòng khách có diện tích hạn chế, mang lại sự tiện nghi và thẩm mỹ. Với thiết kế tối giản và chất liệu vải bố cao cấp, sản phẩm này giúp bạn tạo nên một không gian tiếp khách hiện đại và ấm cúng. Trong bài viết này, chúng tôi sẽ giới thiệu chi tiết về sản phẩm và chia sẻ mẹo bài trí để tối ưu hóa không gian phòng khách.\n\n### Thiết kế tối giản và hiện đại\nSofa Băng được thiết kế với các đường nét thanh lịch, phù hợp với xu hướng nội thất 2025. Với kích thước nhỏ gọn, sản phẩm phù hợp cho các phòng khách từ 10-15m², từ căn hộ chung cư đến nhà phố nhỏ. Chất liệu vải bố mang lại cảm giác mềm mại, thoáng khí và dễ dàng vệ sinh.\n\n### Chất liệu và sự thoải mái\nChất liệu vải bố được xử lý để chống bám bẩn và chống phai màu, đảm bảo độ bền và vẻ đẹp lâu dài. Lớp đệm mút bên trong sofa có độ đàn hồi cao, mang lại cảm giác êm ái và hỗ trợ tốt cho cơ thể. Sản phẩm có sẵn trong các màu như xám, xanh navy và be, dễ dàng phối hợp với các món nội thất khác.\n\n### Tính năng nổi bật\nSofa Băng nổi bật với thiết kế nhỏ gọn, dễ dàng di chuyển và sắp xếp trong nhiều không gian. Sản phẩm này phù hợp cho các gia đình nhỏ hoặc những ai muốn tạo không gian tiếp khách đơn giản nhưng tinh tế. Một số mẫu sofa còn được tích hợp ngăn chứa đồ nhỏ, giúp bạn lưu trữ các vật dụng cần thiết.\n\n### Ưu đãi đặc biệt\nTừ ngày 17/5 đến 20/5/2025, Sofa Băng được giảm giá 15%, từ mức giá gốc 9.500.000 VNĐ xuống còn 8.075.000 VNĐ. Khách hàng mua trong thời gian này sẽ nhận được một bộ gối tựa lưng miễn phí. Hãy đến ngay cửa hàng hoặc truy cập website để khám phá sản phẩm.\n\n### Mẹo bài trí Sofa Băng\nĐể tận dụng tối đa Sofa Băng, bạn có thể áp dụng các mẹo sau:\n1. **Đặt sát tường**: Đặt sofa sát tường để tiết kiệm không gian.\n2. **Kết hợp với bàn trà tròn**: Một chiếc bàn trà tròn sẽ làm tăng tính thẩm mỹ.\n3. **Sử dụng thảm trải sàn**: Một tấm thảm màu trung tính sẽ làm nổi bật sofa.\n4. **Thêm cây xanh**: Đặt một chậu cây nhỏ gần sofa để mang lại cảm giác tươi mới.\n\n### Cam kết chất lượng\nSofa Băng được bảo hành 3 năm, đảm bảo chất lượng và độ bền vượt trội. Với thiết kế tối giản, chất liệu cao cấp và mức giá hợp lý, Sofa Băng sẽ là lựa chọn hoàn hảo để nâng cấp phòng khách của bạn.', '2025-05-17', 2),

('Bàn Trà Vuông - Điểm nhấn hiện đại cho phòng khách', '**Bàn Trà Vuông - Điểm nhấn hiện đại cho phòng khách**\n\nBàn Trà Vuông mặt kính đen là sản phẩm nội thất lý tưởng để mang lại sự sang trọng và hiện đại cho phòng khách. Với thiết kế tinh tế và chất liệu cao cấp, sản phẩm này giúp bạn tạo nên một không gian tiếp khách ấn tượng. Trong bài viết này, chúng tôi sẽ giới thiệu chi tiết về sản phẩm và chia sẻ mẹo bài trí để tối ưu hóa không gian phòng khách.\n\n### Thiết kế hiện đại và sang trọng\nBàn Trà Vuông được thiết kế với mặt kính đen bóng bẩy, có khả năng chống trầy xước và chịu lực tốt. Khung thép không gỉ được phủ lớp sơn tĩnh điện chống gỉ, đảm bảo độ bền lâu dài. Với kích thước cạnh từ 80cm đến 100cm, bàn phù hợp cho các phòng khách từ trung bình đến lớn.\n\n### Chất liệu và độ bền\nChất liệu kính chịu lực được gia công tỉ mỉ, mang lại vẻ đẹp sang trọng và dễ dàng vệ sinh. Khung thép không gỉ đảm bảo sự ổn định và khả năng chịu lực cao. Sản phẩm có sẵn trong các màu như đen, trắng và xám, dễ dàng phối hợp với các món nội thất khác.\n\n### Tính năng nổi bật\nBàn Trà Vuông nổi bật với thiết kế vuông vắn, tạo điểm nhấn mạnh mẽ cho phòng khách. Mặt kính đen mang lại vẻ đẹp hiện đại, phù hợp với các phong cách nội thất như công nghiệp hoặc Scandinavian. Sản phẩm này là lựa chọn lý tưởng cho những ai muốn tạo không gian tiếp khách sang trọng.\n\n### Ưu đãi đặc biệt\nTừ ngày 18/5 đến 20/5/2025, Bàn Trà Vuông được giảm giá 15%, từ mức giá gốc 2.700.000 VNĐ xuống còn 2.295.000 VNĐ. Khách hàng mua trong thời gian này sẽ nhận được một bộ khay trang trí miễn phí. Hãy đến ngay cửa hàng hoặc truy cập website để khám phá sản phẩm.\n\n### Mẹo bài trí Bàn Trà Vuông\nĐể tận dụng tối đa Bàn Trà Vuông, bạn có thể áp dụng các mẹo sau:\n1. **Kết hợp với sofa da**: Mặt kính đen rất hợp với sofa da màu nâu hoặc đen.\n2. **Sử dụng phụ kiện trang trí**: Đặt một khay kim loại hoặc bình hoa trên bàn để tạo điểm nhấn.\n3. **Đặt thảm trải sàn**: Một tấm thảm màu trung tính sẽ làm tăng sự ấm cúng.\n4. **Tận dụng ánh sáng**: Đặt bàn gần cửa sổ để làm nổi bật vẻ bóng bẩy của kính.\n\n### Cam kết chất lượng\nBàn Trà Vuông được bảo hành 3 năm, đảm bảo chất lượng và độ bền vượt trội. Với thiết kế sang trọng, chất liệu cao cấp và mức giá hợp lý, Bàn Trà Vuông sẽ là lựa chọn hoàn hảo để nâng cấp phòng khách của bạn.', '2025-05-18', 4),

('Bàn Ăn 4 Ghế - Sự lựa chọn cho gia đình hiện đại', '**Bàn Ăn 4 Ghế - Sự lựa chọn cho gia đình hiện đại**\n\nBàn Ăn 4 Ghế gỗ bạch đàn tự nhiên là sản phẩm nội thất lý tưởng cho các gia đình nhỏ, mang lại sự tiện nghi và thẩm mỹ cho không gian bếp. Với thiết kế tối giản và chất liệu cao cấp, sản phẩm này giúp bạn tạo nên một không gian ăn uống ấm cúng và hiện đại. Trong bài viết này, chúng tôi sẽ giới thiệu chi tiết về sản phẩm và chia sẻ mẹo bài trí để tối ưu hóa không gian bếp.\n\n### Thiết kế tối giản và bền bỉ\nBàn Ăn 4 Ghế được chế tác từ gỗ bạch đàn tự nhiên, với bề mặt phủ sơn PU chống thấm, đảm bảo độ bền và dễ dàng vệ sinh. Bộ sản phẩm bao gồm một bàn ăn và bốn ghế đồng bộ, với các đường nét tối giản, phù hợp với nhiều phong cách nội thất. Với chiều dài 120cm, bàn phù hợp cho các gia đình từ 4 người.\n\n### Chất liệu và sự thoải mái\nChất liệu gỗ bạch đàn tự nhiên được xử lý kỹ lưỡng để chống cong vênh và chống ẩm. Ghế đi kèm được bọc đệm vải bố cao cấp, mang lại sự thoải mái khi ngồi. Sản phẩm có sẵn trong các màu như gỗ tự nhiên, trắng và xám, dễ dàng phối hợp với các món nội thất khác.\n\n### Tính năng nổi bật\nBàn Ăn 4 Ghế nổi bật với thiết kế nhỏ gọn, phù hợp cho các căn bếp có diện tích hạn chế. Bề mặt bàn được gia công mịn màng, chống trầy xước và dễ dàng vệ sinh. Sản phẩm này là lựa chọn lý tưởng cho các gia đình muốn kết hợp giữa công năng và thẩm mỹ.\n\n### Ưu đãi đặc biệt\nTừ ngày 19/5 đến 20/5/2025, Bàn Ăn 4 Ghế được giảm giá 10%, từ mức giá gốc 8.500.000 VNĐ xuống còn 7.650.000 VNĐ. Khách hàng mua trong thời gian này sẽ nhận được một bộ khăn trải bàn miễn phí. Hãy đến ngay cửa hàng hoặc truy cập website để khám phá sản phẩm.\n\n### Mẹo bài trí Bàn Ăn 4 Ghế\nĐể tận dụng tối đa Bàn Ăn 4 Ghế, bạn có thể áp dụng các mẹo sau:\n1. **Đặt ở vị trí trung tâm**: Đặt bàn ở trung tâm căn bếp để tạo sự cân đối.\n2. **Sử dụng khăn trải bàn**: Một chiếc khăn trải bàn sẽ làm tăng tính thẩm mỹ.\n3. **Kết hợp với đèn trang trí**: Một chiếc đèn thả phía trên bàn sẽ tạo không khí ấm cúng.\n4. **Thêm phụ kiện trang trí**: Đặt một bình hoa nhỏ trên bàn để tạo điểm nhấn.\n\n### Cam kết chất lượng\nBàn Ăn 4 Ghế được bảo hành 5 năm, đảm bảo chất lượng và độ bền vượt trội. Với thiết kế tối giản, chất liệu cao cấp và mức giá hợp lý, Bàn Ăn 4 Ghế sẽ là lựa chọn hoàn hảo để nâng cấp không gian bếp của bạn.', '2025-05-19', 5),

('Ghế Thư Giãn Da - Sự thoải mái tối đa', '**Ghế Thư Giãn Da - Sự thoải mái tối đa**\n\nGhế Thư Giãn Da ngả lưng là sản phẩm nội thất lý tưởng cho những ai tìm kiếm sự thoải mái và sang trọng. Với thiết kế hiện đại và chất liệu da cao cấp, sản phẩm này mang lại trải nghiệm thư giãn tuyệt vời, phù hợp cho phòng khách, phòng đọc sách hoặc góc nghỉ ngơi. Trong bài viết này, chúng tôi sẽ giới thiệu chi tiết về sản phẩm và chia sẻ mẹo bài trí để nâng tầm không gian sống.\n\n### Thiết kế hiện đại và sang trọng\nGhế Thư Giãn Da được thiết kế với cơ chế ngả lưng linh hoạt, cho phép bạn điều chỉnh góc nghiêng để đạt được tư thế thoải mái nhất. Sản phẩm được bọc da cao cấp nhập khẩu, mang lại vẻ đẹp sang trọng và độ bền vượt trội. Với kích thước phù hợp, ghế có thể được đặt ở nhiều không gian.\n\n### Chất liệu và sự thoải mái\nChất liệu da cao cấp được xử lý để chống bám bẩn và chống thấm nước, đảm bảo dễ dàng vệ sinh. Lớp đệm mút bên trong ghế có độ đàn hồi cao, mang lại cảm giác êm ái và hỗ trợ tốt cho cơ thể. Sản phẩm có sẵn trong các màu như đen, nâu và trắng kem.\n\n### Tính năng nổi bật\nGhế Thư Giãn Da nổi bật với cơ chế ngả lưng mượt mà, hỗ trợ lưng và cổ, giúp giảm áp lực và mang lại sự thoải mái tối đa. Sản phẩm này đặc biệt phù hợp cho những ai muốn có một không gian nghỉ ngơi sang trọng và tiện nghi.\n\n### Ưu đãi đặc biệt\nTừ ngày 20/5 đến 25/5/2025, Ghế Thư Giãn Da được giảm giá 15%, từ mức giá gốc 4.800.000 VNĐ xuống còn 4.080.000 VNĐ. Khách hàng mua trong thời gian này sẽ nhận được một bộ gối tựa lưng miễn phí. Hãy đến ngay cửa hàng hoặc truy cập website để khám phá sản phẩm.\n\n### Mẹo bài trí Ghế Thư Giãn Da\nĐể tận dụng tối đa Ghế Thư Giãn Da, bạn có thể áp dụng các mẹo sau:\n1. **Đặt ở góc thư giãn**: Đặt ghế ở một góc yên tĩnh trong phòng khách hoặc phòng ngủ.\n2. **Kết hợp với bàn nhỏ**: Đặt một bàn trà nhỏ bên cạnh ghế để tiện sử dụng.\n3. **Sử dụng thảm trải sàn**: Một tấm thảm nhỏ dưới ghế sẽ làm tăng sự ấm cúng.\n4. **Thêm cây xanh**: Đặt một chậu cây nhỏ gần ghế để mang lại cảm giác thư giãn.\n\n### Cam kết chất lượng\nGhế Thư Giãn Da được bảo hành 3 năm, đảm bảo chất lượng và độ bền vượt trội. Với thiết kế sang trọng, chất liệu cao cấp và mức giá hợp lý, Ghế Thư Giãn Da sẽ là lựa chọn hoàn hảo để nâng cấp không gian sống của bạn.', '2025-05-20', 10);
